"Name","Block","Gene","Nt_pos","Nt_original","Nt_mutation","Nt_OtoM","Nt_mut_name","Codon_original","Codon_mutation","Codon_OtoM","AA_pos","AA_original","AA_mutation","AA_OtoM","AA_mut_name","Frequency","Product","Locus_tag","Genome_pos","Genome_start","Genome_end","Reference","Coverage_mut","Coverage_original","Cvrg_mut_basis","Cvrg_org_basis","Mutation_type","Mut_type_SNP","Mut_category","Mut_size"
"R2F11",NA,"ACIAD0074/rmlB","intergenic (+1025/-252)","T","G","T -> G","ACIAD0074/rmlB_Tintergenic (+1025/-252)G",NA,NA,NA,NA,NA,NA,NA,NA,0.0613117218,"glycosyl transferase/dTDP-D-glucose-4,6-dehydratase","ACIAD0074/ACIAD0076",72318,72318,72318,"AB3_v2.2",33,352,1,1,"SNP","intergenic","snp_intergenic",NA
"R2F11",NA,"ACIAD0120","315","G","T","G -> T","ACIAD0120_G315T","AAG","AAT","AAG -> AAT",105,"K","N","K -> N","ACIAD0120_K105N",0.104103088,"pili assembly chaperone, required for type 1 fimbriae","ACIAD0120",121330,121330,121330,"AB3_v2.2",52,285,1,1,"SNP","nonsynonymous","snp_nonsynonymous",NA
"R2F11",NA,"ACIAD0120","375","G","T","G -> T","ACIAD0120_G375T","AAG","AAT","AAG -> AAT",125,"K","N","K -> N","ACIAD0120_K125N",0.0532999039,"pili assembly chaperone, required for type 1 fimbriae","ACIAD0120",121390,121390,121390,"AB3_v2.2",30,318,1,1,"SNP","nonsynonymous","snp_nonsynonymous",NA
"R2F11",NA,"ACIAD0564","738","T","G","T -> G","ACIAD0564_T738G","GTT","GTG","GTT -> GTG",246,"V","V","V -> V","ACIAD0564_V246V",0.106413364,"PQQ repeat-containing protein","ACIAD0564",554381,554381,554381,"AB3_v2.2",44,298,1,1,"SNP","synonymous","snp_synonymous",NA
"R2F11",NA,"salR","232","G","T","G -> T","salR_G232T","GCA","TCA","GCA -> TCA",78,"A","S","A -> S","salR_A78S",0.0561766624,"LysR family transcriptional regulator","ACIAD1425",1471999,1471999,1471999,"AB3_v2.2",36,324,1,1,"SNP","nonsynonymous","snp_nonsynonymous",NA
"R2F11",NA,"ACIAD1679/mucK","intergenic (+835/+1231)","N","G","N -> G","ACIAD1679/mucK_Nintergenic (+835/+1231)G",NA,NA,NA,NA,NA,NA,NA,NA,1,"hypothetical protein/major facilitator superfamily cis,cis-muconate transporter","ACIAD1679/ACIAD1681",1735226,1735226,1735226,"AB3_v2.2",198,0,1,1,"SNP","intergenic","snp_intergenic",NA
"R2F11",NA,"ACIAD2300","11","G","T","G -> T","ACIAD2300_G11T","TCA","TAA","TCA -> TAA",4,"S","*","S -> *","ACIAD2300_S4*",0.133895874,"hypothetical protein","ACIAD2300",2323262,2323262,2323262,"AB3_v2.2",58,276,1,1,"SNP","nonsense","snp_nonsense",NA
"R2F11",NA,"glnA/ACIAD2460","intergenic (-596/-27)","C","A","C -> A","glnA/ACIAD2460_Cintergenic (-596/-27)A",NA,NA,NA,NA,NA,NA,NA,NA,0.066473484,"glutamine synthetase/hypothetical protein","ACIAD2458/ACIAD2460",2474887,2474887,2474887,"AB3_v2.2",42,311,1,1,"SNP","intergenic","snp_intergenic",NA
"R2F11",NA,"soxA","1991","A","T","A -> T","soxA_A1991T","ATC","AAC","ATC -> AAC",664,"I","N","I -> N","soxA_I664N",0.0563678741,"sarcosine oxidase (alpha subunit) oxidoreductaseprotein","ACIAD2550",2561658,2561658,2561658,"AB3_v2.2",28,320,1,1,"SNP","nonsynonymous","snp_nonsynonymous",NA
"R2F11",NA,"soxA","1984","C","A","C -> A","soxA_C1984A","GAA","TAA","GAA -> TAA",662,"E","*","E -> *","soxA_E662*",0.152572632,"sarcosine oxidase (alpha subunit) oxidoreductaseprotein","ACIAD2550",2561665,2561665,2561665,"AB3_v2.2",75,267,1,1,"SNP","nonsense","snp_nonsense",NA
"R2F11",NA,"tolR/tolB","intergenic (+498/-611)","N","T","N -> T","tolR/tolB_Nintergenic (+498/-611)T",NA,NA,NA,NA,NA,NA,NA,NA,0.873288631,"group A colicins tolerance protein/translocation protein TolB","ACIAD2620/ACIAD2622",2626604,2626604,2626604,"AB3_v2.2",467,0,1,1,"SNP","intergenic","snp_intergenic",NA
"R2F11",NA,"tolR/tolB","intergenic (+520/-589)","G","A","G -> A","tolR/tolB_Gintergenic (+520/-589)A",NA,NA,NA,NA,NA,NA,NA,NA,0.0716953278,"group A colicins tolerance protein/translocation protein TolB","ACIAD2620/ACIAD2622",2626626,2626626,2626626,"AB3_v2.2",76,996,1,1,"SNP","intergenic","snp_intergenic",NA
"R2F11",NA,"tolR/tolB","intergenic (+525/-584)","T","A","T -> A","tolR/tolB_Tintergenic (+525/-584)A",NA,NA,NA,NA,NA,NA,NA,NA,0.119030952,"group A colicins tolerance protein/translocation protein TolB","ACIAD2620/ACIAD2622",2626631,2626631,2626631,"AB3_v2.2",137,974,1,1,"SNP","intergenic","snp_intergenic",NA
"R2F11",NA,"tolR/tolB","intergenic (+534/-575)","A","AACGAAGCCGAGGCTAAAGCAAAAGCCGAGGCTGCTGCTAAAGCCAAACGCGAAGCAGATGCTAAAGCAAAAGCCGAGGCTACTGCTAAAGCCAAAAACGAAGCAGAGGCCAAAGCAAAAGCCGAGGCTGCTGCTAAAGCCAAA","A -> AACGAAGCCGAGGCTAAAGCAAAAGCCGAGGCTGCTGCTAAAGCCAAACGCGAAGCAGATGCTAAAGCAAAAGCCGAGGCTACTGCTAAAGCCAAAAACGAAGCAGAGGCCAAAGCAAAAGCCGAGGCTGCTGCTAAAGCCAAA","tolR/tolB_Aintergenic (+534/-575)AACGAAGCCGAGGCTAAAGCAAAAGCCGAGGCTGCTGCTAAAGCCAAACGCGAAGCAGATGCTAAAGCAAAAGCCGAGGCTACTGCTAAAGCCAAAAACGAAGCAGAGGCCAAAGCAAAAGCCGAGGCTGCTGCTAAAGCCAAA",NA,NA,NA,NA,NA,NA,NA,NA,0.893375394,"group A colicins tolerance protein/translocation protein TolB","ACIAD2620/ACIAD2622",2626640,2626640,2626640,"AB3_v2.2",42,169,1,2,"INS",NA,"large_insertion",NA
"R2F11",NA,"tolR/tolB","intergenic (+535/-574)","C","ACGAAGCAGAGGCTAAAGCAAAAGCCGAGGCTGCTGCAAAAGCCAAACGCGAAGCAGATGCTAAAGCAAAAGCCGATGCTGCTGCTAAAGCCAAAAACGAAGCCGAGGCTAAAGCAAAAGCCGAGGCTGCTGCTAAAGCCAAAC","C -> ACGAAGCAGAGGCTAAAGCAAAAGCCGAGGCTGCTGCAAAAGCCAAACGCGAAGCAGATGCTAAAGCAAAAGCCGATGCTGCTGCTAAAGCCAAAAACGAAGCCGAGGCTAAAGCAAAAGCCGAGGCTGCTGCTAAAGCCAAAC","tolR/tolB_Cintergenic (+535/-574)ACGAAGCAGAGGCTAAAGCAAAAGCCGAGGCTGCTGCAAAAGCCAAACGCGAAGCAGATGCTAAAGCAAAAGCCGATGCTGCTGCTAAAGCCAAAAACGAAGCCGAGGCTAAAGCAAAAGCCGAGGCTGCTGCTAAAGCCAAAC",NA,NA,NA,NA,NA,NA,NA,NA,0.927451047,"group A colicins tolerance protein/translocation protein TolB","ACIAD2620/ACIAD2622",2626641,2626641,2626641,"AB3_v2.2",115,193,1,2,"INS",NA,"large_insertion",NA
"R2F11",NA,"tolR/tolB","intergenic (+545/-564)","A","GGCCAAAGCTAAAGCCGAGGCTACTGCTAAAGCCAAAAACGAAGCAGAGACCAAAGCTAAAGCCGAGGCTACTGCTAAAGCCAAACACGAAGCAGAGGCTAAAGCAAAAGCCGAGGCTGCTGCTAAAGCCAAACGCGAAGCAGA","A -> GGCCAAAGCTAAAGCCGAGGCTACTGCTAAAGCCAAAAACGAAGCAGAGACCAAAGCTAAAGCCGAGGCTACTGCTAAAGCCAAACACGAAGCAGAGGCTAAAGCAAAAGCCGAGGCTGCTGCTAAAGCCAAACGCGAAGCAGA","tolR/tolB_Aintergenic (+545/-564)GGCCAAAGCTAAAGCCGAGGCTACTGCTAAAGCCAAAAACGAAGCAGAGACCAAAGCTAAAGCCGAGGCTACTGCTAAAGCCAAACACGAAGCAGAGGCTAAAGCAAAAGCCGAGGCTGCTGCTAAAGCCAAACGCGAAGCAGA",NA,NA,NA,NA,NA,NA,NA,NA,0.83887468,"group A colicins tolerance protein/translocation protein TolB","ACIAD2620/ACIAD2622",2626651,2626651,2626651,"AB3_v2.2",82,177,1,2,"INS",NA,"large_insertion",NA
"R2F11",NA,"tolR/tolB","intergenic (+546/-563)","T","G","T -> G","tolR/tolB_Tintergenic (+546/-563)G",NA,NA,NA,NA,NA,NA,NA,NA,0.0886993408,"group A colicins tolerance protein/translocation protein TolB","ACIAD2620/ACIAD2622",2626652,2626652,2626652,"AB3_v2.2",59,599,1,1,"SNP","intergenic","snp_intergenic",NA
"R2F11",NA,"tolR/tolB","intergenic (+549/-560)","T","C","T -> C","tolR/tolB_Tintergenic (+549/-560)C",NA,NA,NA,NA,NA,NA,NA,NA,0.0830354691,"group A colicins tolerance protein/translocation protein TolB","ACIAD2620/ACIAD2622",2626655,2626655,2626655,"AB3_v2.2",53,584,1,1,"SNP","intergenic","snp_intergenic",NA
"R2F11",NA,"tolR/tolB","intergenic (+563/-546)","A","TGCTGCTGCTAAAGCCAAAAACGAAGCCGAGGCTAAAGCAAAAGCCGAGGCTGCTGCTAAAGCCAAACGCGAAGCAGATGCTAAAGCAAAAGCCGAGGCTACTGCTAAAGCCAAACGCGAAGCAGATGCTAAAGCAAAAGCCGA","A -> TGCTGCTGCTAAAGCCAAAAACGAAGCCGAGGCTAAAGCAAAAGCCGAGGCTGCTGCTAAAGCCAAACGCGAAGCAGATGCTAAAGCAAAAGCCGAGGCTACTGCTAAAGCCAAACGCGAAGCAGATGCTAAAGCAAAAGCCGA","tolR/tolB_Aintergenic (+563/-546)TGCTGCTGCTAAAGCCAAAAACGAAGCCGAGGCTAAAGCAAAAGCCGAGGCTGCTGCTAAAGCCAAACGCGAAGCAGATGCTAAAGCAAAAGCCGAGGCTACTGCTAAAGCCAAACGCGAAGCAGATGCTAAAGCAAAAGCCGA",NA,NA,NA,NA,NA,NA,NA,NA,0.774583169,"group A colicins tolerance protein/translocation protein TolB","ACIAD2620/ACIAD2622",2626669,2626669,2626669,"AB3_v2.2",25,101,1,2,"INS",NA,"large_insertion",NA
"R2F11",NA,"tolR/tolB","intergenic (+567/-542)","T","ACTGCTAAAGCCAAAAACGAAGCAGAGGCCAAAGCAAAAGCCGAGGCTGCTGCTAAAGCCAAACGCGAAGCAGATGCTAAAGCAAAAGCCGAGGCTACTGCTAAAGCCAAAAACGAAGCAGATGCTAAAGCAAAAGCCGAGGCT","T -> ACTGCTAAAGCCAAAAACGAAGCAGAGGCCAAAGCAAAAGCCGAGGCTGCTGCTAAAGCCAAACGCGAAGCAGATGCTAAAGCAAAAGCCGAGGCTACTGCTAAAGCCAAAAACGAAGCAGATGCTAAAGCAAAAGCCGAGGCT","tolR/tolB_Tintergenic (+567/-542)ACTGCTAAAGCCAAAAACGAAGCAGAGGCCAAAGCAAAAGCCGAGGCTGCTGCTAAAGCCAAACGCGAAGCAGATGCTAAAGCAAAAGCCGAGGCTACTGCTAAAGCCAAAAACGAAGCAGATGCTAAAGCAAAAGCCGAGGCT",NA,NA,NA,NA,NA,NA,NA,NA,1,"group A colicins tolerance protein/translocation protein TolB","ACIAD2620/ACIAD2622",2626673,2626673,2626673,"AB3_v2.2",75,56,1,2,"INS",NA,"large_insertion",NA
"R2F11",NA,"tolR/tolB","intergenic (+568/-541)","N","A","N -> A","tolR/tolB_Nintergenic (+568/-541)A",NA,NA,NA,NA,NA,NA,NA,NA,0.926510334,"group A colicins tolerance protein/translocation protein TolB","ACIAD2620/ACIAD2622",2626674,2626674,2626674,"AB3_v2.2",261,0,1,1,"SNP","intergenic","snp_intergenic",NA
"R2F11",NA,"tolR/tolB","intergenic (+580/-465)","65-bp","AAAAACGAAGCAGAGGCCAAAGCAAAAGCCGATGCTGCT","65-bp -> AAAAACGAAGCAGAGGCCAAAGCAAAAGCCGATGCTGCT","tolR/tolB_65-bpintergenic (+580/-465)AAAAACGAAGCAGAGGCCAAAGCAAAAGCCGATGCTGCT",NA,NA,NA,NA,NA,NA,NA,NA,1,"group A colicins tolerance protein/translocation protein TolB","ACIAD2620/ACIAD2622",2626686,2626686,2626750,"AB3_v2.2",276,3,1,2,"SUB",NA,"small_indel",65
"R2F11",NA,"ACIAD2672","1048","G","T","G -> T","ACIAD2672_G1048T","GAA","TAA","GAA -> TAA",350,"E","*","E -> *","ACIAD2672_E350*",0.0669693947,"transcriptional regulator","ACIAD2672",2679404,2679404,2679404,"AB3_v2.2",48,307,1,1,"SNP","nonsense","snp_nonsense",NA
"R2F11",NA,"rpoD","813","G","T","G -> T","rpoD_G813T","ATG","ATT","ATG -> ATT",271,"M","I","M -> I","rpoD_M271I",0.0553488731,"sigma D (sigma 70) factor of RNA polymerase, major sigma factor during exponential growth","ACIAD2925",2911865,2911865,2911865,"AB3_v2.2",41,347,1,1,"SNP","nonsynonymous","snp_nonsynonymous",NA
"R2F11",NA,"ACIAD3076/ACIAD3077","intergenic (+59/+46)","G","T","G -> T","ACIAD3076/ACIAD3077_Gintergenic (+59/+46)T",NA,NA,NA,NA,NA,NA,NA,NA,0.0600781441,"hypothetical protein/hypothetical protein","ACIAD3076/ACIAD3077",3060937,3060937,3060937,"AB3_v2.2",37,279,1,1,"SNP","intergenic","snp_intergenic",NA
"R2F11",NA,"secY","1323","C","A","C -> A","secY_C1323A","TCG","TCT","TCG -> TCT",441,"S","S","S -> S","secY_S441S",0.0691356659,"preprotein translocase subunit SecY","ACIAD3199",3181147,3181147,3181147,"AB3_v2.2",35,242,1,1,"SNP","synonymous","snp_synonymous",NA
"R2F11",NA,"ACIAD3429","996","G","T","G -> T","ACIAD3429_G996T","TTC","TTA","TTC -> TTA",332,"F","L","F -> L","ACIAD3429_F332L",0.0941553116,"peptidase","ACIAD3429",3402469,3402469,3402469,"AB3_v2.2",64,310,1,1,"SNP","nonsynonymous","snp_nonsynonymous",NA
"R2F11",NA,"ACIAD3462/actP","intergenic (+13/+27)","A","C","A -> C","ACIAD3462/actP_Aintergenic (+13/+27)C",NA,NA,NA,NA,NA,NA,NA,NA,0.0544791222,"hypothetical protein/acetate permease","ACIAD3462/ACIAD3463",3444489,3444489,3444489,"AB3_v2.2",27,306,1,1,"SNP","intergenic","snp_intergenic",NA
"R2F11",NA,"ACIAD3622","109","C","A","C -> A","ACIAD3622_C109A","GCG","TCG","GCG -> TCG",37,"A","S","A -> S","ACIAD3622_A37S",0.0583562851,"hypothetical protein","ACIAD3622",3589742,3589742,3589742,"AB3_v2.2",33,288,1,1,"SNP","nonsynonymous","snp_nonsynonymous",NA
"R2F11",NA,"ACIAD3657/purK","intergenic (-436/+114)","T","A","T -> A","ACIAD3657/purK_Tintergenic (-436/+114)A",NA,NA,NA,NA,NA,NA,NA,NA,0.050052166,"membrane-bound lytic murein transglycosylase/phosphoribosylaminoimidazole carboxylase ATPase subunit","ACIAD3657/ACIAD3658",3632030,3632030,3632030,"AB3_v2.2",23,295,1,1,"SNP","intergenic","snp_intergenic",NA
"R2F11",NA,"ACIAD3657/purK","intergenic (-437/+113)","C","A","C -> A","ACIAD3657/purK_Cintergenic (-437/+113)A",NA,NA,NA,NA,NA,NA,NA,NA,0.0529799461,"membrane-bound lytic murein transglycosylase/phosphoribosylaminoimidazole carboxylase ATPase subunit","ACIAD3657/ACIAD3658",3632031,3632031,3632031,"AB3_v2.2",29,292,1,1,"SNP","intergenic","snp_intergenic",NA
"R2G6",NA,"ACIAD0120","303","C","A","C -> A","ACIAD0120_C303A","TAC","TAA","TAC -> TAA",101,"Y","*","Y -> *","ACIAD0120_Y101*",0.0725665092,"pili assembly chaperone, required for type 1 fimbriae","ACIAD0120",121318,121318,121318,"AB3_v2.2",40,274,1,1,"SNP","nonsense","snp_nonsense",NA
"R2G6",NA,"ACIAD0120","315","G","T","G -> T","ACIAD0120_G315T","AAG","AAT","AAG -> AAT",105,"K","N","K -> N","ACIAD0120_K105N",0.113937855,"pili assembly chaperone, required for type 1 fimbriae","ACIAD0120",121330,121330,121330,"AB3_v2.2",52,275,1,1,"SNP","nonsynonymous","snp_nonsynonymous",NA
"R2G6",NA,"ACIAD0120","322","C","A","C -> A","ACIAD0120_C322A","CCC","ACC","CCC -> ACC",108,"P","T","P -> T","ACIAD0120_P108T",0.160140991,"pili assembly chaperone, required for type 1 fimbriae","ACIAD0120",121337,121337,121337,"AB3_v2.2",73,265,1,1,"SNP","nonsynonymous","snp_nonsynonymous",NA
"R2G6",NA,"nusA","370","C","A","C -> A","nusA_C370A","CGT","AGT","CGT -> AGT",124,"R","S","R -> S","nusA_R124S",0.110494137,"transcription elongation factor NusA","ACIAD0368",358188,358188,358188,"AB3_v2.2",35,199,1,1,"SNP","nonsynonymous","snp_nonsynonymous",NA
"R2G6",NA,"ACIAD0646","640","C","A","C -> A","ACIAD0646_C640A","GAA","TAA","GAA -> TAA",214,"E","*","E -> *","ACIAD0646_E214*",0.0511059761,"hypothetical protein","ACIAD0646",633498,633498,633498,"AB3_v2.2",29,271,1,1,"SNP","nonsense","snp_nonsense",NA
"R2G6",NA,"ACIAD1679/mucK","intergenic (+835/+1231)","N","G","N -> G","ACIAD1679/mucK_Nintergenic (+835/+1231)G",NA,NA,NA,NA,NA,NA,NA,NA,1,"hypothetical protein/major facilitator superfamily cis,cis-muconate transporter","ACIAD1679/ACIAD1681",1735226,1735226,1735226,"AB3_v2.2",201,0,1,1,"SNP","intergenic","snp_intergenic",NA
"R2G6",NA,"ACIAD1851","141","A","T","A -> T","ACIAD1851_A141T","GAT","GAA","GAT -> GAA",47,"D","E","D -> E","ACIAD1851_D47E",0.0798001289,"hypothetical protein","ACIAD1851",1903305,1903305,1903305,"AB3_v2.2",26,238,1,1,"SNP","nonsynonymous","snp_nonsynonymous",NA
"R2G6",NA,"ACIAD2107","379","T","G","T -> G","ACIAD2107_T379G","AGT","CGT","AGT -> CGT",127,"S","R","S -> R","ACIAD2107_S127R",0.0566773415,"hypothetical protein","ACIAD2107",2149122,2149122,2149122,"AB3_v2.2",29,315,1,1,"SNP","nonsynonymous","snp_nonsynonymous",NA
"R2G6",NA,"tolR/tolB","intergenic (+459/-650)","T","A","T -> A","tolR/tolB_Tintergenic (+459/-650)A",NA,NA,NA,NA,NA,NA,NA,NA,0.0545473099,"group A colicins tolerance protein/translocation protein TolB","ACIAD2620/ACIAD2622",2626565,2626565,2626565,"AB3_v2.2",20,330,1,1,"SNP","intergenic","snp_intergenic",NA
"R2G6",NA,"tolR/tolB","intergenic (+465/-644)","A","C","A -> C","tolR/tolB_Aintergenic (+465/-644)C",NA,NA,NA,NA,NA,NA,NA,NA,0.0694394112,"group A colicins tolerance protein/translocation protein TolB","ACIAD2620/ACIAD2622",2626571,2626571,2626571,"AB3_v2.2",29,367,1,1,"SNP","intergenic","snp_intergenic",NA
"R2G6",NA,"tolR/tolB","intergenic (+470/-639)","A","C","A -> C","tolR/tolB_Aintergenic (+470/-639)C",NA,NA,NA,NA,NA,NA,NA,NA,0.0742306709,"group A colicins tolerance protein/translocation protein TolB","ACIAD2620/ACIAD2622",2626576,2626576,2626576,"AB3_v2.2",30,366,1,1,"SNP","intergenic","snp_intergenic",NA
"R2G6",NA,"tolR/tolB","intergenic (+471/-638)","A","T","A -> T","tolR/tolB_Aintergenic (+471/-638)T",NA,NA,NA,NA,NA,NA,NA,NA,0.0766539574,"group A colicins tolerance protein/translocation protein TolB","ACIAD2620/ACIAD2622",2626577,2626577,2626577,"AB3_v2.2",31,363,1,1,"SNP","intergenic","snp_intergenic",NA
"R2G6",NA,"tolR/tolB","intergenic (+495/-614)","A","C","A -> C","tolR/tolB_Aintergenic (+495/-614)C",NA,NA,NA,NA,NA,NA,NA,NA,0.129701138,"group A colicins tolerance protein/translocation protein TolB","ACIAD2620/ACIAD2622",2626601,2626601,2626601,"AB3_v2.2",73,468,1,1,"SNP","intergenic","snp_intergenic",NA
"R2G6",NA,"tolR/tolB","intergenic (+498/-611)","N","T","N -> T","tolR/tolB_Nintergenic (+498/-611)T",NA,NA,NA,NA,NA,NA,NA,NA,0.742166042,"group A colicins tolerance protein/translocation protein TolB","ACIAD2620/ACIAD2622",2626604,2626604,2626604,"AB3_v2.2",408,0,1,1,"SNP","intergenic","snp_intergenic",NA
"R2G6",NA,"tolR/tolB","intergenic (+501/-608)","T","C","T -> C","tolR/tolB_Tintergenic (+501/-608)C",NA,NA,NA,NA,NA,NA,NA,NA,0.0636963844,"group A colicins tolerance protein/translocation protein TolB","ACIAD2620/ACIAD2622",2626607,2626607,2626607,"AB3_v2.2",55,801,1,1,"SNP","intergenic","snp_intergenic",NA
"R2G6",NA,"tolR/tolB","intergenic (+520/-589)","G","A","G -> A","tolR/tolB_Gintergenic (+520/-589)A",NA,NA,NA,NA,NA,NA,NA,NA,0.0680007935,"group A colicins tolerance protein/translocation protein TolB","ACIAD2620/ACIAD2622",2626626,2626626,2626626,"AB3_v2.2",58,794,1,1,"SNP","intergenic","snp_intergenic",NA
"R2G6",NA,"tolR/tolB","intergenic (+535/-574)","C","ACGAAGCAGAGGCTAAAGCAAAAGCCGAGGCTGCTGCAAAAGCCAAACGCGAAGCAGATGCTAAAGCAAAAGCCGATGCTGCTGCTAAAGCCAAAAACGAAGCCGAGGCTAAAGCAAAAGCCGAGGCTGCTGCTAAAGCCAAAC","C -> ACGAAGCAGAGGCTAAAGCAAAAGCCGAGGCTGCTGCAAAAGCCAAACGCGAAGCAGATGCTAAAGCAAAAGCCGATGCTGCTGCTAAAGCCAAAAACGAAGCCGAGGCTAAAGCAAAAGCCGAGGCTGCTGCTAAAGCCAAAC","tolR/tolB_Cintergenic (+535/-574)ACGAAGCAGAGGCTAAAGCAAAAGCCGAGGCTGCTGCAAAAGCCAAACGCGAAGCAGATGCTAAAGCAAAAGCCGATGCTGCTGCTAAAGCCAAAAACGAAGCCGAGGCTAAAGCAAAAGCCGAGGCTGCTGCTAAAGCCAAAC",NA,NA,NA,NA,NA,NA,NA,NA,0.93436933,"group A colicins tolerance protein/translocation protein TolB","ACIAD2620/ACIAD2622",2626641,2626641,2626641,"AB3_v2.2",103,208,1,2,"INS",NA,"large_insertion",NA
"R2G6",NA,"tolR/tolB","intergenic (+545/-564)","A","GGCCAAAGCTAAAGCCGAGGCTACTGCTAAAGCCAAAAACGAAGCAGAGACCAAAGCTAAAGCCGAGGCTACTGCTAAAGCCAAACACGAAGCAGAGGCTAAAGCAAAAGCCGAGGCTGCTGCTAAAGCCAAACGCGAAGCAGA","A -> GGCCAAAGCTAAAGCCGAGGCTACTGCTAAAGCCAAAAACGAAGCAGAGACCAAAGCTAAAGCCGAGGCTACTGCTAAAGCCAAACACGAAGCAGAGGCTAAAGCAAAAGCCGAGGCTGCTGCTAAAGCCAAACGCGAAGCAGA","tolR/tolB_Aintergenic (+545/-564)GGCCAAAGCTAAAGCCGAGGCTACTGCTAAAGCCAAAAACGAAGCAGAGACCAAAGCTAAAGCCGAGGCTACTGCTAAAGCCAAACACGAAGCAGAGGCTAAAGCAAAAGCCGAGGCTGCTGCTAAAGCCAAACGCGAAGCAGA",NA,NA,NA,NA,NA,NA,NA,NA,0.747724317,"group A colicins tolerance protein/translocation protein TolB","ACIAD2620/ACIAD2622",2626651,2626651,2626651,"AB3_v2.2",45,194,1,2,"INS",NA,"large_insertion",NA
"R2G6",NA,"tolR/tolB","intergenic (+567/-542)","T","ACTGCTAAAGCCAAAAACGAAGCAGAGGCCAAAGCAAAAGCCGAGGCTGCTGCTAAAGCCAAACGCGAAGCAGATGCTAAAGCAAAAGCCGAGGCTACTGCTAAAGCCAAACGCGAAGCAGATGCTAAAGCAAAAGCCGAGGCT","T -> ACTGCTAAAGCCAAAAACGAAGCAGAGGCCAAAGCAAAAGCCGAGGCTGCTGCTAAAGCCAAACGCGAAGCAGATGCTAAAGCAAAAGCCGAGGCTACTGCTAAAGCCAAACGCGAAGCAGATGCTAAAGCAAAAGCCGAGGCT","tolR/tolB_Tintergenic (+567/-542)ACTGCTAAAGCCAAAAACGAAGCAGAGGCCAAAGCAAAAGCCGAGGCTGCTGCTAAAGCCAAACGCGAAGCAGATGCTAAAGCAAAAGCCGAGGCTACTGCTAAAGCCAAACGCGAAGCAGATGCTAAAGCAAAAGCCGAGGCT",NA,NA,NA,NA,NA,NA,NA,NA,0.86560641,"group A colicins tolerance protein/translocation protein TolB","ACIAD2620/ACIAD2622",2626673,2626673,2626673,"AB3_v2.2",62,123,1,2,"INS",NA,"large_insertion",NA
"R2G6",NA,"tolR/tolB","intergenic (+568/-541)","N","A","N -> A","tolR/tolB_Nintergenic (+568/-541)A",NA,NA,NA,NA,NA,NA,NA,NA,1,"group A colicins tolerance protein/translocation protein TolB","ACIAD2620/ACIAD2622",2626674,2626674,2626674,"AB3_v2.2",255,0,1,1,"SNP","intergenic","snp_intergenic",NA
"R2G6",NA,"tolR/tolB","intergenic (+580/-465)","65-bp","AAAAACGAAGCAGAGGCCAAAGCAAAAGCCGATGCTGCT","65-bp -> AAAAACGAAGCAGAGGCCAAAGCAAAAGCCGATGCTGCT","tolR/tolB_65-bpintergenic (+580/-465)AAAAACGAAGCAGAGGCCAAAGCAAAAGCCGATGCTGCT",NA,NA,NA,NA,NA,NA,NA,NA,1,"group A colicins tolerance protein/translocation protein TolB","ACIAD2620/ACIAD2622",2626686,2626686,2626750,"AB3_v2.2",217,2,1,2,"SUB",NA,"small_indel",65
"R2G6",NA,"rpoD","813","G","T","G -> T","rpoD_G813T","ATG","ATT","ATG -> ATT",271,"M","I","M -> I","rpoD_M271I",0.0804142952,"sigma D (sigma 70) factor of RNA polymerase, major sigma factor during exponential growth","ACIAD2925",2911865,2911865,2911865,"AB3_v2.2",49,328,1,1,"SNP","nonsynonymous","snp_nonsynonymous",NA
"R2G6",NA,"rpoD","851","C","A","C -> A","rpoD_C851A","TCA","TAA","TCA -> TAA",284,"S","*","S -> *","rpoD_S284*",0.0656805038,"sigma D (sigma 70) factor of RNA polymerase, major sigma factor during exponential growth","ACIAD2925",2911903,2911903,2911903,"AB3_v2.2",45,325,1,1,"SNP","nonsense","snp_nonsense",NA
"R2G6",NA,"ACIAD3059","513","C","A","C -> A","ACIAD3059_C513A","AAG","AAT","AAG -> AAT",171,"K","N","K -> N","ACIAD3059_K171N",0.0784239769,"hypothetical protein","ACIAD3059",3042917,3042917,3042917,"AB3_v2.2",39,292,1,1,"SNP","nonsynonymous","snp_nonsynonymous",NA
"R2G6",NA,"ACIAD3184","1628","C","A","C -> A","ACIAD3184_C1628A","GGA","GTA","GGA -> GTA",543,"G","V","G -> V","ACIAD3184_G543V",0.114078522,"integral membrane protein, transporter","ACIAD3184",3170315,3170315,3170315,"AB3_v2.2",59,285,1,1,"SNP","nonsynonymous","snp_nonsynonymous",NA
"R2G6",NA,"ACIAD3462/actP","intergenic (+13/+27)","A","C","A -> C","ACIAD3462/actP_Aintergenic (+13/+27)C",NA,NA,NA,NA,NA,NA,NA,NA,0.0575122833,"hypothetical protein/acetate permease","ACIAD3462/ACIAD3463",3444489,3444489,3444489,"AB3_v2.2",32,363,1,1,"SNP","intergenic","snp_intergenic",NA
"R2G6",NA,"ACIAD3520/ACIAD3521","intergenic (+36/-180)","T","A","T -> A","ACIAD3520/ACIAD3521_Tintergenic (+36/-180)A",NA,NA,NA,NA,NA,NA,NA,NA,0.0560612679,"hypothetical protein/hypothetical protein","ACIAD3520/ACIAD3521",3506097,3506097,3506097,"AB3_v2.2",17,189,1,1,"SNP","intergenic","snp_intergenic",NA
"R2G6",NA,"ACIAD3657/purK","intergenic (-476/+74)","G","T","G -> T","ACIAD3657/purK_Gintergenic (-476/+74)T",NA,NA,NA,NA,NA,NA,NA,NA,0.144310951,"membrane-bound lytic murein transglycosylase/phosphoribosylaminoimidazole carboxylase ATPase subunit","ACIAD3657/ACIAD3658",3632070,3632070,3632070,"AB3_v2.2",58,233,1,1,"SNP","intergenic","snp_intergenic",NA
"R10B3",NA,"ACIAD0074/rmlB","intergenic (+1053/-224)","C","A","C -> A","ACIAD0074/rmlB_Cintergenic (+1053/-224)A",NA,NA,NA,NA,NA,NA,NA,NA,0.120139599,"glycosyl transferase/dTDP-D-glucose-4,6-dehydratase","ACIAD0074/ACIAD0076",72346,72346,72346,"AB3_v2.2",90,466,1,1,"SNP","intergenic","snp_intergenic",NA
"R10B3",NA,"ACIAD0119","386","G","T","G -> T","ACIAD0119_G386T","GGA","GTA","GGA -> GTA",129,"G","V","G -> V","ACIAD0119_G129V",0.05864048,"major fimbrial subunit protein precursor","ACIAD0119",120765,120765,120765,"AB3_v2.2",46,339,1,1,"SNP","nonsynonymous","snp_nonsynonymous",NA
"R10B3",NA,"rpoB","2384","C","T","C -> T","rpoB_C2384T","TCT","TTT","TCT -> TTT",795,"S","F","S -> F","rpoB_S795F",1,"DNA-directed RNA polymerase subunit beta","ACIAD0307",304524,304524,304524,"AB3_v2.2",590,10,1,1,"SNP","nonsynonymous","snp_nonsynonymous",NA
"R10B3",NA,"ACIAD0537/fumA","intergenic (-116/+32)","C","A","C -> A","ACIAD0537/fumA_Cintergenic (-116/+32)A",NA,NA,NA,NA,NA,NA,NA,NA,0.0713300705,"signal peptide/fumarate hydratase","ACIAD0537/ACIAD0538",523565,523565,523565,"AB3_v2.2",50,360,1,1,"SNP","intergenic","snp_intergenic",NA
"R10B3",NA,"ACIAD0549","542","T","A","T -> A","ACIAD0549_T542A","CTC","CAC","CTC -> CAC",181,"L","H","L -> H","ACIAD0549_L181H",0.0999798775,"hydrolase","ACIAD0549",539425,539425,539425,"AB3_v2.2",62,357,1,1,"SNP","nonsynonymous","snp_nonsynonymous",NA
"R10B3",NA,"ACIAD0564","751","C","A","C -> A","ACIAD0564_C751A","CTG","ATG","CTG -> ATG",251,"L","M","L -> M","ACIAD0564_L251M",0.121758938,"PQQ repeat-containing protein","ACIAD0564",554394,554394,554394,"AB3_v2.2",76,347,1,1,"SNP","nonsynonymous","snp_nonsynonymous",NA
"R10B3",NA,"ACIAD0655/ACIADrRNA16S_1","intergenic (-312/-245)","G","T","G -> T","ACIAD0655/ACIADrRNA16S_1_Gintergenic (-312/-245)T",NA,NA,NA,NA,NA,NA,NA,NA,0.0582175255,"hypothetical protein/16S","ACIAD0655/ACIADrRNA16S_1",644232,644232,644232,"AB3_v2.2",6,97,1,1,"SNP","intergenic","snp_intergenic",NA
"R10B3",NA,"ACIAD0905","159","C","A","C -> A","ACIAD0905_C159A","ATC","ATA","ATC -> ATA",53,"I","I","I -> I","ACIAD0905_I53I",0.0500450134,"glutamine amidotransferase","ACIAD0905",887411,887411,887411,"AB3_v2.2",42,329,1,1,"SNP","synonymous","snp_synonymous",NA
"R10B3",NA,"ACIAD1132","337","C","A","C -> A","ACIAD1132_C337A","CCG","ACG","CCG -> ACG",113,"P","T","P -> T","ACIAD1132_P113T",0.0850582123,"hypothetical protein","ACIAD1132",1117172,1117172,1117172,"AB3_v2.2",52,288,1,1,"SNP","nonsynonymous","snp_nonsynonymous",NA
"R10B3",NA,"ACIAD1132","349","G","T","G -> T","ACIAD1132_G349T","GCA","TCA","GCA -> TCA",117,"A","S","A -> S","ACIAD1132_A117S",0.0903873444,"hypothetical protein","ACIAD1132",1117184,1117184,1117184,"AB3_v2.2",46,293,1,1,"SNP","nonsynonymous","snp_nonsynonymous",NA
"R10B3",NA,"ACIAD1138","3012","G","T","G -> T","ACIAD1138_G3012T","TTG","TTT","TTG -> TTT",1004,"L","F","L -> F","ACIAD1138_L1004F",0.0515117645,"soluble lytic murein transglycosylase","ACIAD1138",1126005,1126005,1126005,"AB3_v2.2",39,323,1,1,"SNP","nonsynonymous","snp_nonsynonymous",NA
"R10B3",NA,"lpxD","971","G","T","G -> T","lpxD_G971T","AGA","ATA","AGA -> ATA",324,"R","I","R -> I","lpxD_R324I",0.0649313927,"UDP-3-O-[3-hydroxymyristoyl] glucosamine N-acyltransferase","ACIAD1380",1427997,1427997,1427997,"AB3_v2.2",30,204,1,1,"SNP","nonsynonymous","snp_nonsynonymous",NA
"R10B3",NA,"ACIAD1672","1516","G","T","G -> T","ACIAD1672_G1516T","GAA","TAA","GAA -> TAA",506,"E","*","E -> *","ACIAD1672_E506*",0.0544867516,"haloacid dehalogenase","ACIAD1672",1729304,1729304,1729304,"AB3_v2.2",36,309,1,1,"SNP","nonsense","snp_nonsense",NA
"R10B3",NA,"ACIAD1672","1569","C","A","C -> A","ACIAD1672_C1569A","ATC","ATA","ATC -> ATA",523,"I","I","I -> I","ACIAD1672_I523I",0.0513758659,"haloacid dehalogenase","ACIAD1672",1729357,1729357,1729357,"AB3_v2.2",34,309,1,1,"SNP","synonymous","snp_synonymous",NA
"R10B3",NA,"ACIAD1679/mucK","intergenic (+835/+1231)","N","G","N -> G","ACIAD1679/mucK_Nintergenic (+835/+1231)G",NA,NA,NA,NA,NA,NA,NA,NA,1,"hypothetical protein/major facilitator superfamily cis,cis-muconate transporter","ACIAD1679/ACIAD1681",1735226,1735226,1735226,"AB3_v2.2",180,0,1,1,"SNP","intergenic","snp_intergenic",NA
"R10B3",NA,"ACIAD2100/ACIAD2101","intergenic (+47/+17)","C","A","C -> A","ACIAD2100/ACIAD2101_Cintergenic (+47/+17)A",NA,NA,NA,NA,NA,NA,NA,NA,0.0578026772,"major facilitator superfamily permease/3-oxoacyl-ACP synthase","ACIAD2100/ACIAD2101",2139419,2139419,2139419,"AB3_v2.2",29,251,1,1,"SNP","intergenic","snp_intergenic",NA
"R10B3",NA,"ACIAD2100/ACIAD2101","intergenic (+52/+12)","G","T","G -> T","ACIAD2100/ACIAD2101_Gintergenic (+52/+12)T",NA,NA,NA,NA,NA,NA,NA,NA,0.138718128,"major facilitator superfamily permease/3-oxoacyl-ACP synthase","ACIAD2100/ACIAD2101",2139424,2139424,2139424,"AB3_v2.2",52,222,1,1,"SNP","intergenic","snp_intergenic",NA
"R10B3",NA,"ACIAD2300","40","C","A","C -> A","ACIAD2300_C40A","GAA","TAA","GAA -> TAA",14,"E","*","E -> *","ACIAD2300_E14*",0.143797398,"hypothetical protein","ACIAD2300",2323233,2323233,2323233,"AB3_v2.2",52,204,1,1,"SNP","nonsense","snp_nonsense",NA
"R10B3",NA,"ACIAD2484/ACIAD2500","intergenic (+3334/+1840)","C","A","C -> A","ACIAD2484/ACIAD2500_Cintergenic (+3334/+1840)A",NA,NA,NA,NA,NA,NA,NA,NA,0.0644068718,"hypothetical protein/two-component response regulator protein","ACIAD2484/ACIAD2500",2503914,2503914,2503914,"AB3_v2.2",27,374,1,1,"SNP","intergenic","snp_intergenic",NA
"R10B3",NA,"ACIAD2484/ACIAD2500","intergenic (+4615/+529)","31-bp","TGCGAGTTCAAACTTCTTTAAAGATGCAACA","31-bp -> TGCGAGTTCAAACTTCTTTAAAGATGCAACA","ACIAD2484/ACIAD2500_31-bpintergenic (+4615/+529)TGCGAGTTCAAACTTCTTTAAAGATGCAACA",NA,NA,NA,NA,NA,NA,NA,NA,0.17345739,"hypothetical protein/two-component response regulator protein","ACIAD2484/ACIAD2500",2505195,2505195,2505225,"AB3_v2.2",29,376,1,2,"SUB",NA,"small_indel",31
"R10B3",NA,"nadB","175","G","T","G -> T","nadB_G175T","GAT","TAT","GAT -> TAT",59,"D","Y","D -> Y","nadB_D59Y",0.111696243,"L-aspartate oxidase","ACIAD2587",2597441,2597441,2597441,"AB3_v2.2",62,299,1,1,"SNP","nonsynonymous","snp_nonsynonymous",NA
"R10B3",NA,"tolR/tolB","intergenic (+498/-611)","N","T","N -> T","tolR/tolB_Nintergenic (+498/-611)T",NA,NA,NA,NA,NA,NA,NA,NA,0.9030056,"group A colicins tolerance protein/translocation protein TolB","ACIAD2620/ACIAD2622",2626604,2626604,2626604,"AB3_v2.2",550,0,1,1,"SNP","intergenic","snp_intergenic",NA
"R10B3",NA,"tolR/tolB","intergenic (+516/-593)","G","T","G -> T","tolR/tolB_Gintergenic (+516/-593)T",NA,NA,NA,NA,NA,NA,NA,NA,0.0591459274,"group A colicins tolerance protein/translocation protein TolB","ACIAD2620/ACIAD2622",2626622,2626622,2626622,"AB3_v2.2",83,1166,1,1,"SNP","intergenic","snp_intergenic",NA
"R10B3",NA,"tolR/tolB","intergenic (+520/-589)","G","A","G -> A","tolR/tolB_Gintergenic (+520/-589)A",NA,NA,NA,NA,NA,NA,NA,NA,0.0591392517,"group A colicins tolerance protein/translocation protein TolB","ACIAD2620/ACIAD2622",2626626,2626626,2626626,"AB3_v2.2",64,1017,1,1,"SNP","intergenic","snp_intergenic",NA
"R10B3",NA,"tolR/tolB","intergenic (+534/-575)","A","AACGAAGCCGAGGCTAAAGCAAAAGCCGAGGCTGCTGCTAAAGCCAAACGCGAAGCAGATGCTAAAGCAAAAGCCGAGGCTACTGCTAAAGCCAAAAACGAAGCAGAGGCCAAAGCAAAAGCCGAGGCTGCTGCTAAAGCCAAA","A -> AACGAAGCCGAGGCTAAAGCAAAAGCCGAGGCTGCTGCTAAAGCCAAACGCGAAGCAGATGCTAAAGCAAAAGCCGAGGCTACTGCTAAAGCCAAAAACGAAGCAGAGGCCAAAGCAAAAGCCGAGGCTGCTGCTAAAGCCAAA","tolR/tolB_Aintergenic (+534/-575)AACGAAGCCGAGGCTAAAGCAAAAGCCGAGGCTGCTGCTAAAGCCAAACGCGAAGCAGATGCTAAAGCAAAAGCCGAGGCTACTGCTAAAGCCAAAAACGAAGCAGAGGCCAAAGCAAAAGCCGAGGCTGCTGCTAAAGCCAAA",NA,NA,NA,NA,NA,NA,NA,NA,0.93800813,"group A colicins tolerance protein/translocation protein TolB","ACIAD2620/ACIAD2622",2626640,2626640,2626640,"AB3_v2.2",71,183,1,2,"INS",NA,"large_insertion",NA
"R10B3",NA,"tolR/tolB","intergenic (+535/-574)","C","ACGAAGCAGAGGCTAAAGCAAAAGCCGAGGCTGCTGCAAAAGCCAAACGCGAAGCAGATGCTAAAGCAAAAGCCGATGCTGCTGCTAAAGCCAAAAACGAAGCCGAGGCTAAAGCAAAAGCCGAGGCTGCTGCTAAAGCCAAAC","C -> ACGAAGCAGAGGCTAAAGCAAAAGCCGAGGCTGCTGCAAAAGCCAAACGCGAAGCAGATGCTAAAGCAAAAGCCGATGCTGCTGCTAAAGCCAAAAACGAAGCCGAGGCTAAAGCAAAAGCCGAGGCTGCTGCTAAAGCCAAAC","tolR/tolB_Cintergenic (+535/-574)ACGAAGCAGAGGCTAAAGCAAAAGCCGAGGCTGCTGCAAAAGCCAAACGCGAAGCAGATGCTAAAGCAAAAGCCGATGCTGCTGCTAAAGCCAAAAACGAAGCCGAGGCTAAAGCAAAAGCCGAGGCTGCTGCTAAAGCCAAAC",NA,NA,NA,NA,NA,NA,NA,NA,0.918566775,"group A colicins tolerance protein/translocation protein TolB","ACIAD2620/ACIAD2622",2626641,2626641,2626641,"AB3_v2.2",94,195,1,2,"INS",NA,"large_insertion",NA
"R10B3",NA,"tolR/tolB","intergenic (+545/-564)","A","GGCCAAAGCTAAAGCCGAGGCTACTGCTAAAGCCAAAAACGAAGCAGAGACCAAAGCTAAAGCCGAGGCTACTGCTAAAGCCAAACACGAAGCAGAGGCTAAAGCAAAAGCCGAGGCTGCTGCTAAAGCCAAACGCGAAGCAGA","A -> GGCCAAAGCTAAAGCCGAGGCTACTGCTAAAGCCAAAAACGAAGCAGAGACCAAAGCTAAAGCCGAGGCTACTGCTAAAGCCAAACACGAAGCAGAGGCTAAAGCAAAAGCCGAGGCTGCTGCTAAAGCCAAACGCGAAGCAGA","tolR/tolB_Aintergenic (+545/-564)GGCCAAAGCTAAAGCCGAGGCTACTGCTAAAGCCAAAAACGAAGCAGAGACCAAAGCTAAAGCCGAGGCTACTGCTAAAGCCAAACACGAAGCAGAGGCTAAAGCAAAAGCCGAGGCTGCTGCTAAAGCCAAACGCGAAGCAGA",NA,NA,NA,NA,NA,NA,NA,NA,0.771229159,"group A colicins tolerance protein/translocation protein TolB","ACIAD2620/ACIAD2622",2626651,2626651,2626651,"AB3_v2.2",51,177,1,2,"INS",NA,"large_insertion",NA
"R10B3",NA,"tolR/tolB","intergenic (+564/-545)","G","T","G -> T","tolR/tolB_Gintergenic (+564/-545)T",NA,NA,NA,NA,NA,NA,NA,NA,0.0851225853,"group A colicins tolerance protein/translocation protein TolB","ACIAD2620/ACIAD2622",2626670,2626670,2626670,"AB3_v2.2",34,354,1,1,"SNP","intergenic","snp_intergenic",NA
"R10B3",NA,"tolR/tolB","intergenic (+567/-542)","T","ACTGCTAAAGCCAAAAACGAAGCAGAGGCCAAAGCAAAAGCCGAGGCTGCTGCTAAAGCCAAACGCGAAGCAGATGCTAAAGCAAAAGCCGAGGCTACTGCTAAAGCCAAACGCGAAGCAGATGCTAAAGCAAAAGCCGAGGCT","T -> ACTGCTAAAGCCAAAAACGAAGCAGAGGCCAAAGCAAAAGCCGAGGCTGCTGCTAAAGCCAAACGCGAAGCAGATGCTAAAGCAAAAGCCGAGGCTACTGCTAAAGCCAAACGCGAAGCAGATGCTAAAGCAAAAGCCGAGGCT","tolR/tolB_Tintergenic (+567/-542)ACTGCTAAAGCCAAAAACGAAGCAGAGGCCAAAGCAAAAGCCGAGGCTGCTGCTAAAGCCAAACGCGAAGCAGATGCTAAAGCAAAAGCCGAGGCTACTGCTAAAGCCAAACGCGAAGCAGATGCTAAAGCAAAAGCCGAGGCT",NA,NA,NA,NA,NA,NA,NA,NA,0.753796595,"group A colicins tolerance protein/translocation protein TolB","ACIAD2620/ACIAD2622",2626673,2626673,2626673,"AB3_v2.2",28,107,1,2,"INS",NA,"large_insertion",NA
"R10B3",NA,"tolR/tolB","intergenic (+568/-541)","N","A","N -> A","tolR/tolB_Nintergenic (+568/-541)A",NA,NA,NA,NA,NA,NA,NA,NA,0.935381413,"group A colicins tolerance protein/translocation protein TolB","ACIAD2620/ACIAD2622",2626674,2626674,2626674,"AB3_v2.2",285,0,1,1,"SNP","intergenic","snp_intergenic",NA
"R10B3",NA,"tolR/tolB","intergenic (+580/-465)","65-bp","AAAAACGAAGCAGAGGCCAAAGCAAAAGCCGATGCTGCT","65-bp -> AAAAACGAAGCAGAGGCCAAAGCAAAAGCCGATGCTGCT","tolR/tolB_65-bpintergenic (+580/-465)AAAAACGAAGCAGAGGCCAAAGCAAAAGCCGATGCTGCT",NA,NA,NA,NA,NA,NA,NA,NA,1,"group A colicins tolerance protein/translocation protein TolB","ACIAD2620/ACIAD2622",2626686,2626686,2626750,"AB3_v2.2",272,2,1,2,"SUB",NA,"small_indel",65
"R10B3",NA,"ACIAD3076/ACIAD3077","intergenic (+59/+46)","G","T","G -> T","ACIAD3076/ACIAD3077_Gintergenic (+59/+46)T",NA,NA,NA,NA,NA,NA,NA,NA,0.0661740303,"hypothetical protein/hypothetical protein","ACIAD3076/ACIAD3077",3060937,3060937,3060937,"AB3_v2.2",42,309,1,1,"SNP","intergenic","snp_intergenic",NA
"R10B3",NA,"ACIAD3076/ACIAD3077","intergenic (+60/+45)","A","T","A -> T","ACIAD3076/ACIAD3077_Aintergenic (+60/+45)T",NA,NA,NA,NA,NA,NA,NA,NA,0.0522494316,"hypothetical protein/hypothetical protein","ACIAD3076/ACIAD3077",3060938,3060938,3060938,"AB3_v2.2",29,331,1,1,"SNP","intergenic","snp_intergenic",NA
"R10B3",NA,"ACIAD3151","589","G","T","G -> T","ACIAD3151_G589T","GAT","TAT","GAT -> TAT",197,"D","Y","D -> Y","ACIAD3151_D197Y",0.0553541183,"hypothetical protein","ACIAD3151",3136955,3136955,3136955,"AB3_v2.2",38,338,1,1,"SNP","nonsynonymous","snp_nonsynonymous",NA
"R10B3",NA,"ACIAD3462/actP","intergenic (+13/+27)","A","C","A -> C","ACIAD3462/actP_Aintergenic (+13/+27)C",NA,NA,NA,NA,NA,NA,NA,NA,0.0617289543,"hypothetical protein/acetate permease","ACIAD3462/ACIAD3463",3444489,3444489,3444489,"AB3_v2.2",42,419,1,1,"SNP","intergenic","snp_intergenic",NA
"R10B3",NA,"ACIAD3520/ACIAD3521","intergenic (+27/-189)","G","T","G -> T","ACIAD3520/ACIAD3521_Gintergenic (+27/-189)T",NA,NA,NA,NA,NA,NA,NA,NA,0.086938858,"hypothetical protein/hypothetical protein","ACIAD3520/ACIAD3521",3506088,3506088,3506088,"AB3_v2.2",43,262,1,1,"SNP","intergenic","snp_intergenic",NA
"R10B3",NA,"ACIAD3657/purK","intergenic (-487/+63)","G","T","G -> T","ACIAD3657/purK_Gintergenic (-487/+63)T",NA,NA,NA,NA,NA,NA,NA,NA,0.14460516,"membrane-bound lytic murein transglycosylase/phosphoribosylaminoimidazole carboxylase ATPase subunit","ACIAD3657/ACIAD3658",3632081,3632081,3632081,"AB3_v2.2",67,288,1,1,"SNP","intergenic","snp_intergenic",NA
"R10C4",NA,"ACIAD0120","303","C","A","C -> A","ACIAD0120_C303A","TAC","TAA","TAC -> TAA",101,"Y","*","Y -> *","ACIAD0120_Y101*",0.0802278519,"pili assembly chaperone, required for type 1 fimbriae","ACIAD0120",121318,121318,121318,"AB3_v2.2",47,305,1,1,"SNP","nonsense","snp_nonsense",NA
"R10C4",NA,"ACIAD0120","315","G","T","G -> T","ACIAD0120_G315T","AAG","AAT","AAG -> AAT",105,"K","N","K -> N","ACIAD0120_K105N",0.10993576,"pili assembly chaperone, required for type 1 fimbriae","ACIAD0120",121330,121330,121330,"AB3_v2.2",55,303,1,1,"SNP","nonsynonymous","snp_nonsynonymous",NA
"R10C4",NA,"ACIAD0120","369","G","T","G -> T","ACIAD0120_G369T","TTG","TTT","TTG -> TTT",123,"L","F","L -> F","ACIAD0120_L123F",0.119499207,"pili assembly chaperone, required for type 1 fimbriae","ACIAD0120",121384,121384,121384,"AB3_v2.2",69,348,1,1,"SNP","nonsynonymous","snp_nonsynonymous",NA
"R10C4",NA,"xerD/ACIAD0267","intergenic (-37/-116)","T","A","T -> A","xerD/ACIAD0267_Tintergenic (-37/-116)A",NA,NA,NA,NA,NA,NA,NA,NA,0.0514969826,"site-specific tyrosine recombinase/ferrous iron transport protein A","ACIAD0266/ACIAD0267",267126,267126,267126,"AB3_v2.2",26,338,1,1,"SNP","intergenic","snp_intergenic",NA
"R10C4",NA,"rpoB","coding (1564/4083 nt)","A","TTA","A -> TTA","rpoB_Acoding (1564/4083 nt)TTA",NA,NA,NA,NA,NA,NA,NA,NA,0.924701329,"DNA-directed RNA polymerase subunit beta","ACIAD0307",303704,303704,303704,"AB3_v2.2",379,62,1,2,"INS",NA,"small_indel",NA
"R10C4",NA,"ACIAD0905","221","C","A","C -> A","ACIAD0905_C221A","TCA","TAA","TCA -> TAA",74,"S","*","S -> *","ACIAD0905_S74*",0.069560051,"glutamine amidotransferase","ACIAD0905",887473,887473,887473,"AB3_v2.2",45,320,1,1,"SNP","nonsense","snp_nonsense",NA
"R10C4",NA,"ACIAD1132","349","G","T","G -> T","ACIAD1132_G349T","GCA","TCA","GCA -> TCA",117,"A","S","A -> S","ACIAD1132_A117S",0.0572390556,"hypothetical protein","ACIAD1132",1117184,1117184,1117184,"AB3_v2.2",31,266,1,1,"SNP","nonsynonymous","snp_nonsynonymous",NA
"R10C4",NA,"ACIAD1518","1083","G","T","G -> T","ACIAD1518_G1083T","ATC","ATA","ATC -> ATA",361,"I","I","I -> I","ACIAD1518_I361I",0.0598096848,"sulfonate monooxygenase","ACIAD1518",1568834,1568834,1568834,"AB3_v2.2",35,262,1,1,"SNP","synonymous","snp_synonymous",NA
"R10C4",NA,"ACIAD1672","1495","G","T","G -> T","ACIAD1672_G1495T","GAA","TAA","GAA -> TAA",499,"E","*","E -> *","ACIAD1672_E499*",0.0566267967,"haloacid dehalogenase","ACIAD1672",1729283,1729283,1729283,"AB3_v2.2",37,288,1,1,"SNP","nonsense","snp_nonsense",NA
"R10C4",NA,"ACIAD1679/mucK","intergenic (+835/+1231)","N","G","N -> G","ACIAD1679/mucK_Nintergenic (+835/+1231)G",NA,NA,NA,NA,NA,NA,NA,NA,1,"hypothetical protein/major facilitator superfamily cis,cis-muconate transporter","ACIAD1679/ACIAD1681",1735226,1735226,1735226,"AB3_v2.2",173,0,1,1,"SNP","intergenic","snp_intergenic",NA
"R10C4",NA,"ACIAD1764","1085","G","T","G -> T","ACIAD1764_G1085T","CGT","CTT","CGT -> CTT",362,"R","L","R -> L","ACIAD1764_R362L",0.0685124397,"ferric siderophore receptor protein","ACIAD1764",1820622,1820622,1820622,"AB3_v2.2",46,312,1,1,"SNP","nonsynonymous","snp_nonsynonymous",NA
"R10C4",NA,"ACIAD1954","259","C","A","C -> A","ACIAD1954_C259A","GCA","TCA","GCA -> TCA",87,"A","S","A -> S","ACIAD1954_A87S",0.0518698692,"tellurium resistance protein (TerF)","ACIAD1954",1993492,1993492,1993492,"AB3_v2.2",36,331,1,1,"SNP","nonsynonymous","snp_nonsynonymous",NA
"R10C4",NA,"ACIAD2100/ACIAD2101","intergenic (+44/+20)","G","T","G -> T","ACIAD2100/ACIAD2101_Gintergenic (+44/+20)T",NA,NA,NA,NA,NA,NA,NA,NA,0.0777459145,"major facilitator superfamily permease/3-oxoacyl-ACP synthase","ACIAD2100/ACIAD2101",2139416,2139416,2139416,"AB3_v2.2",39,241,1,1,"SNP","intergenic","snp_intergenic",NA
"R10C4",NA,"ACIAD2100/ACIAD2101","intergenic (+52/+12)","G","T","G -> T","ACIAD2100/ACIAD2101_Gintergenic (+52/+12)T",NA,NA,NA,NA,NA,NA,NA,NA,0.15360117,"major facilitator superfamily permease/3-oxoacyl-ACP synthase","ACIAD2100/ACIAD2101",2139424,2139424,2139424,"AB3_v2.2",58,218,1,1,"SNP","intergenic","snp_intergenic",NA
"R10C4",NA,"ACIAD2300","40","C","A","C -> A","ACIAD2300_C40A","GAA","TAA","GAA -> TAA",14,"E","*","E -> *","ACIAD2300_E14*",0.188867092,"hypothetical protein","ACIAD2300",2323233,2323233,2323233,"AB3_v2.2",76,234,1,1,"SNP","nonsense","snp_nonsense",NA
"R10C4",NA,"tolR/tolB","intergenic (+498/-611)","N","T","N -> T","tolR/tolB_Nintergenic (+498/-611)T",NA,NA,NA,NA,NA,NA,NA,NA,0.90256834,"group A colicins tolerance protein/translocation protein TolB","ACIAD2620/ACIAD2622",2626604,2626604,2626604,"AB3_v2.2",472,0,1,1,"SNP","intergenic","snp_intergenic",NA
"R10C4",NA,"tolR/tolB","intergenic (+516/-593)","G","T","G -> T","tolR/tolB_Gintergenic (+516/-593)T",NA,NA,NA,NA,NA,NA,NA,NA,0.0646748543,"group A colicins tolerance protein/translocation protein TolB","ACIAD2620/ACIAD2622",2626622,2626622,2626622,"AB3_v2.2",81,1071,1,1,"SNP","intergenic","snp_intergenic",NA
"R10C4",NA,"tolR/tolB","intergenic (+520/-589)","G","A","G -> A","tolR/tolB_Gintergenic (+520/-589)A",NA,NA,NA,NA,NA,NA,NA,NA,0.0983586311,"group A colicins tolerance protein/translocation protein TolB","ACIAD2620/ACIAD2622",2626626,2626626,2626626,"AB3_v2.2",105,954,1,1,"SNP","intergenic","snp_intergenic",NA
"R10C4",NA,"tolR/tolB","intergenic (+534/-575)","A","AACGAAGCCGAGGCTAAAGCAAAAGCCGAGGCTGCTGCTAAAGCCAAACGCGAAGCAGATGCTAAAGCAAAAGCCGAGGCTACTGCTAAAGCCAAAAACGAAGCAGAGGCCAAAGCAAAAGCCGAGGCTGCTGCTAAAGCCAAA","A -> AACGAAGCCGAGGCTAAAGCAAAAGCCGAGGCTGCTGCTAAAGCCAAACGCGAAGCAGATGCTAAAGCAAAAGCCGAGGCTACTGCTAAAGCCAAAAACGAAGCAGAGGCCAAAGCAAAAGCCGAGGCTGCTGCTAAAGCCAAA","tolR/tolB_Aintergenic (+534/-575)AACGAAGCCGAGGCTAAAGCAAAAGCCGAGGCTGCTGCTAAAGCCAAACGCGAAGCAGATGCTAAAGCAAAAGCCGAGGCTACTGCTAAAGCCAAAAACGAAGCAGAGGCCAAAGCAAAAGCCGAGGCTGCTGCTAAAGCCAAA",NA,NA,NA,NA,NA,NA,NA,NA,1,"group A colicins tolerance protein/translocation protein TolB","ACIAD2620/ACIAD2622",2626640,2626640,2626640,"AB3_v2.2",76,166,1,2,"INS",NA,"large_insertion",NA
"R10C4",NA,"tolR/tolB","intergenic (+535/-574)","C","ACGAAGCAGAGGCTAAAGCAAAAGCCGAGGCTGCTGCAAAAGCCAAACGCGAAGCAGATGCTAAAGCAAAAGCCGATGCTGCTGCTAAAGCCAAAAACGAAGCCGAGGCTAAAGCAAAAGCCGAGGCTGCTGCTAAAGCCAAAC","C -> ACGAAGCAGAGGCTAAAGCAAAAGCCGAGGCTGCTGCAAAAGCCAAACGCGAAGCAGATGCTAAAGCAAAAGCCGATGCTGCTGCTAAAGCCAAAAACGAAGCCGAGGCTAAAGCAAAAGCCGAGGCTGCTGCTAAAGCCAAAC","tolR/tolB_Cintergenic (+535/-574)ACGAAGCAGAGGCTAAAGCAAAAGCCGAGGCTGCTGCAAAAGCCAAACGCGAAGCAGATGCTAAAGCAAAAGCCGATGCTGCTGCTAAAGCCAAAAACGAAGCCGAGGCTAAAGCAAAAGCCGAGGCTGCTGCTAAAGCCAAAC",NA,NA,NA,NA,NA,NA,NA,NA,0.935408435,"group A colicins tolerance protein/translocation protein TolB","ACIAD2620/ACIAD2622",2626641,2626641,2626641,"AB3_v2.2",100,178,1,2,"INS",NA,"large_insertion",NA
"R10C4",NA,"tolR/tolB","intergenic (+545/-564)","A","GGCCAAAGCTAAAGCCGAGGCTACTGCTAAAGCCAAAAACGAAGCAGAGACCAAAGCTAAAGCCGAGGCTACTGCTAAAGCCAAACACGAAGCAGAGGCTAAAGCAAAAGCCGAGGCTGCTGCTAAAGCCAAACGCGAAGCAGA","A -> GGCCAAAGCTAAAGCCGAGGCTACTGCTAAAGCCAAAAACGAAGCAGAGACCAAAGCTAAAGCCGAGGCTACTGCTAAAGCCAAACACGAAGCAGAGGCTAAAGCAAAAGCCGAGGCTGCTGCTAAAGCCAAACGCGAAGCAGA","tolR/tolB_Aintergenic (+545/-564)GGCCAAAGCTAAAGCCGAGGCTACTGCTAAAGCCAAAAACGAAGCAGAGACCAAAGCTAAAGCCGAGGCTACTGCTAAAGCCAAACACGAAGCAGAGGCTAAAGCAAAAGCCGAGGCTGCTGCTAAAGCCAAACGCGAAGCAGA",NA,NA,NA,NA,NA,NA,NA,NA,0.831357848,"group A colicins tolerance protein/translocation protein TolB","ACIAD2620/ACIAD2622",2626651,2626651,2626651,"AB3_v2.2",65,161,1,2,"INS",NA,"large_insertion",NA
"R10C4",NA,"tolR/tolB","intergenic (+564/-545)","G","T","G -> T","tolR/tolB_Gintergenic (+564/-545)T",NA,NA,NA,NA,NA,NA,NA,NA,0.100087166,"group A colicins tolerance protein/translocation protein TolB","ACIAD2620/ACIAD2622",2626670,2626670,2626670,"AB3_v2.2",43,341,1,1,"SNP","intergenic","snp_intergenic",NA
"R10C4",NA,"tolR/tolB","intergenic (+567/-542)","T","ACTGCTAAAGCCAAAAACGAAGCAGAGGCCAAAGCAAAAGCCGAGGCTGCTGCTAAAGCCAAACGCGAAGCAGATGCTAAAGCAAAAGCCGAGGCTACTGCTAAAGCCAAACGCGAAGCAGATGCTAAAGCAAAAGCCGAGGCT","T -> ACTGCTAAAGCCAAAAACGAAGCAGAGGCCAAAGCAAAAGCCGAGGCTGCTGCTAAAGCCAAACGCGAAGCAGATGCTAAAGCAAAAGCCGAGGCTACTGCTAAAGCCAAACGCGAAGCAGATGCTAAAGCAAAAGCCGAGGCT","tolR/tolB_Tintergenic (+567/-542)ACTGCTAAAGCCAAAAACGAAGCAGAGGCCAAAGCAAAAGCCGAGGCTGCTGCTAAAGCCAAACGCGAAGCAGATGCTAAAGCAAAAGCCGAGGCTACTGCTAAAGCCAAACGCGAAGCAGATGCTAAAGCAAAAGCCGAGGCT",NA,NA,NA,NA,NA,NA,NA,NA,0.843769766,"group A colicins tolerance protein/translocation protein TolB","ACIAD2620/ACIAD2622",2626673,2626673,2626673,"AB3_v2.2",46,104,1,2,"INS",NA,"large_insertion",NA
"R10C4",NA,"tolR/tolB","intergenic (+568/-541)","N","A","N -> A","tolR/tolB_Nintergenic (+568/-541)A",NA,NA,NA,NA,NA,NA,NA,NA,0.901590347,"group A colicins tolerance protein/translocation protein TolB","ACIAD2620/ACIAD2622",2626674,2626674,2626674,"AB3_v2.2",265,0,1,1,"SNP","intergenic","snp_intergenic",NA
"R10C4",NA,"tolR/tolB","intergenic (+580/-465)","65-bp","AAAAACGAAGCAGAGGCCAAAGCAAAAGCCGATGCTGCT","65-bp -> AAAAACGAAGCAGAGGCCAAAGCAAAAGCCGATGCTGCT","tolR/tolB_65-bpintergenic (+580/-465)AAAAACGAAGCAGAGGCCAAAGCAAAAGCCGATGCTGCT",NA,NA,NA,NA,NA,NA,NA,NA,1,"group A colicins tolerance protein/translocation protein TolB","ACIAD2620/ACIAD2622",2626686,2626686,2626750,"AB3_v2.2",243,2,1,2,"SUB",NA,"small_indel",65
"R10C4",NA,"ACIAD2651","894","A","T","A -> T","ACIAD2651_A894T","GCA","GCT","GCA -> GCT",298,"A","A","A -> A","ACIAD2651_A298A",0.057955265,"hypothetical protein","ACIAD2651",2657516,2657516,2657516,"AB3_v2.2",40,336,1,1,"SNP","synonymous","snp_synonymous",NA
"R10C4",NA,"ACIAD2721","513","T","A","T -> A","ACIAD2721_T513A","GTA","GTT","GTA -> GTT",171,"V","V","V -> V","ACIAD2721_V171V",0.0536403656,"hydrolase/monooxygenase","ACIAD2721",2720875,2720875,2720875,"AB3_v2.2",45,360,1,1,"SNP","synonymous","snp_synonymous",NA
"R10C4",NA,"rpoD","813","G","T","G -> T","rpoD_G813T","ATG","ATT","ATG -> ATT",271,"M","I","M -> I","rpoD_M271I",0.0670208931,"sigma D (sigma 70) factor of RNA polymerase, major sigma factor during exponential growth","ACIAD2925",2911865,2911865,2911865,"AB3_v2.2",50,382,1,1,"SNP","nonsynonymous","snp_nonsynonymous",NA
"R10C4",NA,"ACIAD3059","548","T","A","T -> A","ACIAD3059_T548A","GAT","GTT","GAT -> GTT",183,"D","V","D -> V","ACIAD3059_D183V",0.106579781,"hypothetical protein","ACIAD3059",3042882,3042882,3042882,"AB3_v2.2",42,281,1,1,"SNP","nonsynonymous","snp_nonsynonymous",NA
"R10C4",NA,"secY","1331","C","A","C -> A","secY_C1331A","AGA","ATA","AGA -> ATA",444,"R","I","R -> I","secY_R444I",0.0804204941,"preprotein translocase subunit SecY","ACIAD3199",3181139,3181139,3181139,"AB3_v2.2",44,238,1,1,"SNP","nonsynonymous","snp_nonsynonymous",NA
"R10C4",NA,"comC","3795","C","A","C -> A","comC_C3795A","TTG","TTT","TTG -> TTT",1265,"L","F","L -> F","comC_L1265F",0.0510511398,"competence factor involved in DNA binding and uptake","ACIAD3316",3277418,3277418,3277418,"AB3_v2.2",43,414,1,1,"SNP","nonsynonymous","snp_nonsynonymous",NA
"R10C4",NA,"ACIAD3520/ACIAD3521","intergenic (+27/-189)","G","T","G -> T","ACIAD3520/ACIAD3521_Gintergenic (+27/-189)T",NA,NA,NA,NA,NA,NA,NA,NA,0.107998848,"hypothetical protein/hypothetical protein","ACIAD3520/ACIAD3521",3506088,3506088,3506088,"AB3_v2.2",50,248,1,1,"SNP","intergenic","snp_intergenic",NA
"R10C4",NA,"ACIAD3520/ACIAD3521","intergenic (+33/-183)","G","T","G -> T","ACIAD3520/ACIAD3521_Gintergenic (+33/-183)T",NA,NA,NA,NA,NA,NA,NA,NA,0.0926265717,"hypothetical protein/hypothetical protein","ACIAD3520/ACIAD3521",3506094,3506094,3506094,"AB3_v2.2",45,246,1,1,"SNP","intergenic","snp_intergenic",NA
"R10C4",NA,"ACIAD3520/ACIAD3521","intergenic (+35/-181)","C","A","C -> A","ACIAD3520/ACIAD3521_Cintergenic (+35/-181)A",NA,NA,NA,NA,NA,NA,NA,NA,0.0720243454,"hypothetical protein/hypothetical protein","ACIAD3520/ACIAD3521",3506096,3506096,3506096,"AB3_v2.2",35,266,1,1,"SNP","intergenic","snp_intergenic",NA
"R10C4",NA,"ACIAD3520/ACIAD3521","intergenic (+36/-180)","T","A","T -> A","ACIAD3520/ACIAD3521_Tintergenic (+36/-180)A",NA,NA,NA,NA,NA,NA,NA,NA,0.0558314323,"hypothetical protein/hypothetical protein","ACIAD3520/ACIAD3521",3506097,3506097,3506097,"AB3_v2.2",26,273,1,1,"SNP","intergenic","snp_intergenic",NA
"R10C4",NA,"ACIAD3543","407","T","A","T -> A","ACIAD3543_T407A","CTT","CAT","CTT -> CAT",136,"L","H","L -> H","ACIAD3543_L136H",0.057779789,"hypothetical protein","ACIAD3543",3525074,3525074,3525074,"AB3_v2.2",42,335,1,1,"SNP","nonsynonymous","snp_nonsynonymous",NA
"R12C8",NA,"ACIAD0120","315","G","T","G -> T","ACIAD0120_G315T","AAG","AAT","AAG -> AAT",105,"K","N","K -> N","ACIAD0120_K105N",0.119492054,"pili assembly chaperone, required for type 1 fimbriae","ACIAD0120",121330,121330,121330,"AB3_v2.2",55,264,1,1,"SNP","nonsynonymous","snp_nonsynonymous",NA
"R12C8",NA,"rpoB","1555","T","C","T -> C","rpoB_T1555C","TCT","CCT","TCT -> CCT",519,"S","P","S -> P","rpoB_S519P",1,"DNA-directed RNA polymerase subunit beta","ACIAD0307",303695,303695,303695,"AB3_v2.2",382,4,1,1,"SNP","nonsynonymous","snp_nonsynonymous",NA
"R12C8",NA,"ACIAD0331","261","C","T","C -> T","ACIAD0331_C261T","CAG","CAA","CAG -> CAA",87,"Q","Q","Q -> Q","ACIAD0331_Q87Q",1,"dithiol-disulfide isomerase involved in polyketide biosynthesis","ACIAD0331",325669,325669,325669,"AB3_v2.2",335,1,1,1,"SNP","synonymous","snp_synonymous",NA
"R12C8",NA,"ACIAD0844","669","G","T","G -> T","ACIAD0844_G669T","TTG","TTT","TTG -> TTT",223,"L","F","L -> F","ACIAD0844_L223F",0.0780949593,"GntR family transcriptional regulator","ACIAD0844",829527,829527,829527,"AB3_v2.2",57,379,1,1,"SNP","nonsynonymous","snp_nonsynonymous",NA
"R12C8",NA,"pilU/pilT","intergenic (-30/+7)","G","T","G -> T","pilU/pilT_Gintergenic (-30/+7)T",NA,NA,NA,NA,NA,NA,NA,NA,0.0541915894,"twitching motility protein/twitching motility protein","ACIAD0911/ACIAD0912",891835,891835,891835,"AB3_v2.2",35,297,1,1,"SNP","intergenic","snp_intergenic",NA
"R12C8",NA,"ACIAD1679/mucK","intergenic (+835/+1231)","N","G","N -> G","ACIAD1679/mucK_Nintergenic (+835/+1231)G",NA,NA,NA,NA,NA,NA,NA,NA,1,"hypothetical protein/major facilitator superfamily cis,cis-muconate transporter","ACIAD1679/ACIAD1681",1735226,1735226,1735226,"AB3_v2.2",151,0,1,1,"SNP","intergenic","snp_intergenic",NA
"R12C8",NA,"ACIAD2100/ACIAD2101","intergenic (+34/+30)","G","T","G -> T","ACIAD2100/ACIAD2101_Gintergenic (+34/+30)T",NA,NA,NA,NA,NA,NA,NA,NA,0.123764038,"major facilitator superfamily permease/3-oxoacyl-ACP synthase","ACIAD2100/ACIAD2101",2139406,2139406,2139406,"AB3_v2.2",36,210,1,1,"SNP","intergenic","snp_intergenic",NA
"R12C8",NA,"glnA/ACIAD2460","intergenic (-596/-27)","C","A","C -> A","glnA/ACIAD2460_Cintergenic (-596/-27)A",NA,NA,NA,NA,NA,NA,NA,NA,0.0640335083,"glutamine synthetase/hypothetical protein","ACIAD2458/ACIAD2460",2474887,2474887,2474887,"AB3_v2.2",31,289,1,1,"SNP","intergenic","snp_intergenic",NA
"R12C8",NA,"glnA/ACIAD2460","intergenic (-604/-19)","G","T","G -> T","glnA/ACIAD2460_Gintergenic (-604/-19)T",NA,NA,NA,NA,NA,NA,NA,NA,0.0512900352,"glutamine synthetase/hypothetical protein","ACIAD2458/ACIAD2460",2474895,2474895,2474895,"AB3_v2.2",32,271,1,1,"SNP","intergenic","snp_intergenic",NA
"R12C8",NA,"tolR/tolB","intergenic (+498/-611)","N","T","N -> T","tolR/tolB_Nintergenic (+498/-611)T",NA,NA,NA,NA,NA,NA,NA,NA,0.914360523,"group A colicins tolerance protein/translocation protein TolB","ACIAD2620/ACIAD2622",2626604,2626604,2626604,"AB3_v2.2",458,0,1,1,"SNP","intergenic","snp_intergenic",NA
"R12C8",NA,"tolR/tolB","intergenic (+516/-593)","G","T","G -> T","tolR/tolB_Gintergenic (+516/-593)T",NA,NA,NA,NA,NA,NA,NA,NA,0.0522055626,"group A colicins tolerance protein/translocation protein TolB","ACIAD2620/ACIAD2622",2626622,2626622,2626622,"AB3_v2.2",60,974,1,1,"SNP","intergenic","snp_intergenic",NA
"R12C8",NA,"tolR/tolB","intergenic (+520/-589)","G","A","G -> A","tolR/tolB_Gintergenic (+520/-589)A",NA,NA,NA,NA,NA,NA,NA,NA,0.100887775,"group A colicins tolerance protein/translocation protein TolB","ACIAD2620/ACIAD2622",2626626,2626626,2626626,"AB3_v2.2",96,850,1,1,"SNP","intergenic","snp_intergenic",NA
"R12C8",NA,"tolR/tolB","intergenic (+534/-575)","A","AACGAAGCCGAGGCTAAAGCAAAAGCCGAGGCTGCTGCTAAAGCCAAACGCGAAGCAGATGCTAAAGCAAAAGCCGAGGCTACTGCTAAAGCCAAAAACGAAGCAGAGGCCAAAGCAAAAGCCGAGGCTGCTGCTAAAGCCAAA","A -> AACGAAGCCGAGGCTAAAGCAAAAGCCGAGGCTGCTGCTAAAGCCAAACGCGAAGCAGATGCTAAAGCAAAAGCCGAGGCTACTGCTAAAGCCAAAAACGAAGCAGAGGCCAAAGCAAAAGCCGAGGCTGCTGCTAAAGCCAAA","tolR/tolB_Aintergenic (+534/-575)AACGAAGCCGAGGCTAAAGCAAAAGCCGAGGCTGCTGCTAAAGCCAAACGCGAAGCAGATGCTAAAGCAAAAGCCGAGGCTACTGCTAAAGCCAAAAACGAAGCAGAGGCCAAAGCAAAAGCCGAGGCTGCTGCTAAAGCCAAA",NA,NA,NA,NA,NA,NA,NA,NA,1,"group A colicins tolerance protein/translocation protein TolB","ACIAD2620/ACIAD2622",2626640,2626640,2626640,"AB3_v2.2",82,163,1,2,"INS",NA,"large_insertion",NA
"R12C8",NA,"tolR/tolB","intergenic (+535/-574)","C","ACGAAGCAGAGGCTAAAGCAAAAGCCGAGGCTGCTGCAAAAGCCAAACGCGAAGCAGATGCTAAAGCAAAAGCCGATGCTGCTGCTAAAGCCAAAAACGAAGCCGAGGCTAAAGCAAAAGCCGAGGCTGCTGCTAAAGCCAAAC","C -> ACGAAGCAGAGGCTAAAGCAAAAGCCGAGGCTGCTGCAAAAGCCAAACGCGAAGCAGATGCTAAAGCAAAAGCCGATGCTGCTGCTAAAGCCAAAAACGAAGCCGAGGCTAAAGCAAAAGCCGAGGCTGCTGCTAAAGCCAAAC","tolR/tolB_Cintergenic (+535/-574)ACGAAGCAGAGGCTAAAGCAAAAGCCGAGGCTGCTGCAAAAGCCAAACGCGAAGCAGATGCTAAAGCAAAAGCCGATGCTGCTGCTAAAGCCAAAAACGAAGCCGAGGCTAAAGCAAAAGCCGAGGCTGCTGCTAAAGCCAAAC",NA,NA,NA,NA,NA,NA,NA,NA,0.913032857,"group A colicins tolerance protein/translocation protein TolB","ACIAD2620/ACIAD2622",2626641,2626641,2626641,"AB3_v2.2",65,178,1,2,"INS",NA,"large_insertion",NA
"R12C8",NA,"tolR/tolB","intergenic (+545/-564)","A","GGCCAAAGCTAAAGCCGAGGCTACTGCTAAAGCCAAAAACGAAGCAGAGACCAAAGCTAAAGCCGAGGCTACTGCTAAAGCCAAACACGAAGCAGAGGCTAAAGCAAAAGCCGAGGCTGCTGCTAAAGCCAAACGCGAAGCAGA","A -> GGCCAAAGCTAAAGCCGAGGCTACTGCTAAAGCCAAAAACGAAGCAGAGACCAAAGCTAAAGCCGAGGCTACTGCTAAAGCCAAACACGAAGCAGAGGCTAAAGCAAAAGCCGAGGCTGCTGCTAAAGCCAAACGCGAAGCAGA","tolR/tolB_Aintergenic (+545/-564)GGCCAAAGCTAAAGCCGAGGCTACTGCTAAAGCCAAAAACGAAGCAGAGACCAAAGCTAAAGCCGAGGCTACTGCTAAAGCCAAACACGAAGCAGAGGCTAAAGCAAAAGCCGAGGCTGCTGCTAAAGCCAAACGCGAAGCAGA",NA,NA,NA,NA,NA,NA,NA,NA,0.837757748,"group A colicins tolerance protein/translocation protein TolB","ACIAD2620/ACIAD2622",2626651,2626651,2626651,"AB3_v2.2",59,146,1,2,"INS",NA,"large_insertion",NA
"R12C8",NA,"tolR/tolB","intergenic (+564/-545)","G","T","G -> T","tolR/tolB_Gintergenic (+564/-545)T",NA,NA,NA,NA,NA,NA,NA,NA,0.0744023323,"group A colicins tolerance protein/translocation protein TolB","ACIAD2620/ACIAD2622",2626670,2626670,2626670,"AB3_v2.2",31,346,1,1,"SNP","intergenic","snp_intergenic",NA
"R12C8",NA,"tolR/tolB","intergenic (+567/-542)","T","ACTGCTAAAGCCAAAAACGAAGCAGAGGCCAAAGCAAAAGCCGAGGCTGCTGCTAAAGCCAAACGCGAAGCAGATGCTAAAGCAAAAGCCGAGGCTACTGCTAAAGCCAAACGCGAAGCAGATGCTAAAGCAAAAGCCGAGGCT","T -> ACTGCTAAAGCCAAAAACGAAGCAGAGGCCAAAGCAAAAGCCGAGGCTGCTGCTAAAGCCAAACGCGAAGCAGATGCTAAAGCAAAAGCCGAGGCTACTGCTAAAGCCAAACGCGAAGCAGATGCTAAAGCAAAAGCCGAGGCT","tolR/tolB_Tintergenic (+567/-542)ACTGCTAAAGCCAAAAACGAAGCAGAGGCCAAAGCAAAAGCCGAGGCTGCTGCTAAAGCCAAACGCGAAGCAGATGCTAAAGCAAAAGCCGAGGCTACTGCTAAAGCCAAACGCGAAGCAGATGCTAAAGCAAAAGCCGAGGCT",NA,NA,NA,NA,NA,NA,NA,NA,0.871740449,"group A colicins tolerance protein/translocation protein TolB","ACIAD2620/ACIAD2622",2626673,2626673,2626673,"AB3_v2.2",50,94,1,2,"INS",NA,"large_insertion",NA
"R12C8",NA,"tolR/tolB","intergenic (+568/-541)","N","A","N -> A","tolR/tolB_Nintergenic (+568/-541)A",NA,NA,NA,NA,NA,NA,NA,NA,0.920847893,"group A colicins tolerance protein/translocation protein TolB","ACIAD2620/ACIAD2622",2626674,2626674,2626674,"AB3_v2.2",255,0,1,1,"SNP","intergenic","snp_intergenic",NA
"R12C8",NA,"tolR/tolB","intergenic (+580/-465)","65-bp","AAAAACGAAGCAGAGGCCAAAGCAAAAGCCGATGCTGCT","65-bp -> AAAAACGAAGCAGAGGCCAAAGCAAAAGCCGATGCTGCT","tolR/tolB_65-bpintergenic (+580/-465)AAAAACGAAGCAGAGGCCAAAGCAAAAGCCGATGCTGCT",NA,NA,NA,NA,NA,NA,NA,NA,1,"group A colicins tolerance protein/translocation protein TolB","ACIAD2620/ACIAD2622",2626686,2626686,2626750,"AB3_v2.2",232,0,1,2,"SUB",NA,"small_indel",65
"R12C8",NA,"ACIAD2672","1014","A","T","A -> T","ACIAD2672_A1014T","AAA","AAT","AAA -> AAT",338,"K","N","K -> N","ACIAD2672_K338N",0.0537996292,"transcriptional regulator","ACIAD2672",2679370,2679370,2679370,"AB3_v2.2",36,325,1,1,"SNP","nonsynonymous","snp_nonsynonymous",NA
"R12C8",NA,"ACIAD2672","1048","G","T","G -> T","ACIAD2672_G1048T","GAA","TAA","GAA -> TAA",350,"E","*","E -> *","ACIAD2672_E350*",0.103652,"transcriptional regulator","ACIAD2672",2679404,2679404,2679404,"AB3_v2.2",49,241,1,1,"SNP","nonsense","snp_nonsense",NA
"R12C8",NA,"ACIAD3059","527","A","C","A -> C","ACIAD3059_A527C","CTA","CGA","CTA -> CGA",176,"L","R","L -> R","ACIAD3059_L176R",0.0663981438,"hypothetical protein","ACIAD3059",3042903,3042903,3042903,"AB3_v2.2",33,300,1,1,"SNP","nonsynonymous","snp_nonsynonymous",NA
"R12C8",NA,"ACIAD3462/actP","intergenic (+13/+27)","A","C","A -> C","ACIAD3462/actP_Aintergenic (+13/+27)C",NA,NA,NA,NA,NA,NA,NA,NA,0.0813045502,"hypothetical protein/acetate permease","ACIAD3462/ACIAD3463",3444489,3444489,3444489,"AB3_v2.2",40,346,1,1,"SNP","intergenic","snp_intergenic",NA
"R12C8",NA,"ACIAD3520/ACIAD3521","intergenic (+27/-189)","G","T","G -> T","ACIAD3520/ACIAD3521_Gintergenic (+27/-189)T",NA,NA,NA,NA,NA,NA,NA,NA,0.0872502327,"hypothetical protein/hypothetical protein","ACIAD3520/ACIAD3521",3506088,3506088,3506088,"AB3_v2.2",34,222,1,1,"SNP","intergenic","snp_intergenic",NA
"R12C8",NA,"ACIAD3657/purK","intergenic (-450/+100)","G","T","G -> T","ACIAD3657/purK_Gintergenic (-450/+100)T",NA,NA,NA,NA,NA,NA,NA,NA,0.0850539207,"membrane-bound lytic murein transglycosylase/phosphoribosylaminoimidazole carboxylase ATPase subunit","ACIAD3657/ACIAD3658",3632044,3632044,3632044,"AB3_v2.2",46,267,1,1,"SNP","intergenic","snp_intergenic",NA
"RS2B5",NA,"tolR/tolB","intergenic (+495/-614)","A","C","A -> C","tolR/tolB_Aintergenic (+495/-614)C",NA,NA,NA,NA,NA,NA,NA,NA,0.0692791939,"group A colicins tolerance protein/translocation protein TolB","ACIAD2620/ACIAD2622",2626601,2626601,2626601,"AB3_v2.2",20,253,1,1,"SNP","intergenic","snp_intergenic",NA
"RS2B5",NA,"tolR/tolB","intergenic (+498/-611)","N","T","N -> T","tolR/tolB_Nintergenic (+498/-611)T",NA,NA,NA,NA,NA,NA,NA,NA,0.784446716,"group A colicins tolerance protein/translocation protein TolB","ACIAD2620/ACIAD2622",2626604,2626604,2626604,"AB3_v2.2",215,0,1,1,"SNP","intergenic","snp_intergenic",NA
"RS2B5",NA,"tolR/tolB","intergenic (+501/-608)","T","C","T -> C","tolR/tolB_Tintergenic (+501/-608)C",NA,NA,NA,NA,NA,NA,NA,NA,0.193615913,"group A colicins tolerance protein/translocation protein TolB","ACIAD2620/ACIAD2622",2626607,2626607,2626607,"AB3_v2.2",97,409,1,1,"SNP","intergenic","snp_intergenic",NA
"RS2B5",NA,"tolR/tolB","intergenic (+520/-589)","G","A","G -> A","tolR/tolB_Gintergenic (+520/-589)A",NA,NA,NA,NA,NA,NA,NA,NA,0.0712680817,"group A colicins tolerance protein/translocation protein TolB","ACIAD2620/ACIAD2622",2626626,2626626,2626626,"AB3_v2.2",37,481,1,1,"SNP","intergenic","snp_intergenic",NA
"RS2B5",NA,"tolR/tolB","intergenic (+535/-574)","C","ACGAAGCAGAGGCTAAAGCAAAAGCCGAGGCTGCTGCAAAAGCCAAACGCGAAGCAGATGCTAAAGCAAAAGCCGATGCTGCTGCTAAAGCCAAAAACGAAGCCGAGGCTAAAGCAAAAGCCGAGGCTGCTGCTAAAGCCAAAC","C -> ACGAAGCAGAGGCTAAAGCAAAAGCCGAGGCTGCTGCAAAAGCCAAACGCGAAGCAGATGCTAAAGCAAAAGCCGATGCTGCTGCTAAAGCCAAAAACGAAGCCGAGGCTAAAGCAAAAGCCGAGGCTGCTGCTAAAGCCAAAC","tolR/tolB_Cintergenic (+535/-574)ACGAAGCAGAGGCTAAAGCAAAAGCCGAGGCTGCTGCAAAAGCCAAACGCGAAGCAGATGCTAAAGCAAAAGCCGATGCTGCTGCTAAAGCCAAAAACGAAGCCGAGGCTAAAGCAAAAGCCGAGGCTGCTGCTAAAGCCAAAC",NA,NA,NA,NA,NA,NA,NA,NA,0.941860465,"group A colicins tolerance protein/translocation protein TolB","ACIAD2620/ACIAD2622",2626641,2626641,2626641,"AB3_v2.2",54,78,1,2,"INS",NA,"large_insertion",NA
"RS2B5",NA,"tolR/tolB","intergenic (+545/-564)","A","GGCCAAAGCTAAAGCCGAGGCTACTGCTAAAGCCAAAAACGAAGCAGAGACCAAAGCTAAAGCCGAGGCTACTGCTAAAGCCAAACACGAAGCAGAGGCTAAAGCAAAAGCCGAGGCTGCTGCTAAAGCCAAACGCGAAGCAGA","A -> GGCCAAAGCTAAAGCCGAGGCTACTGCTAAAGCCAAAAACGAAGCAGAGACCAAAGCTAAAGCCGAGGCTACTGCTAAAGCCAAACACGAAGCAGAGGCTAAAGCAAAAGCCGAGGCTGCTGCTAAAGCCAAACGCGAAGCAGA","tolR/tolB_Aintergenic (+545/-564)GGCCAAAGCTAAAGCCGAGGCTACTGCTAAAGCCAAAAACGAAGCAGAGACCAAAGCTAAAGCCGAGGCTACTGCTAAAGCCAAACACGAAGCAGAGGCTAAAGCAAAAGCCGAGGCTGCTGCTAAAGCCAAACGCGAAGCAGA",NA,NA,NA,NA,NA,NA,NA,NA,0.848549488,"group A colicins tolerance protein/translocation protein TolB","ACIAD2620/ACIAD2622",2626651,2626651,2626651,"AB3_v2.2",34,71,1,2,"INS",NA,"large_insertion",NA
"RS2B5",NA,"tolR/tolB","intergenic (+568/-541)","N","A","N -> A","tolR/tolB_Nintergenic (+568/-541)A",NA,NA,NA,NA,NA,NA,NA,NA,1,"group A colicins tolerance protein/translocation protein TolB","ACIAD2620/ACIAD2622",2626674,2626674,2626674,"AB3_v2.2",236,0,1,1,"SNP","intergenic","snp_intergenic",NA
"RS2B5",NA,"tolR/tolB","intergenic (+580/-465)","65-bp","AAAAACGAAGCAGAGGCCAAAGCAAAAGCCGATGCTGCT","65-bp -> AAAAACGAAGCAGAGGCCAAAGCAAAAGCCGATGCTGCT","tolR/tolB_65-bpintergenic (+580/-465)AAAAACGAAGCAGAGGCCAAAGCAAAAGCCGATGCTGCT",NA,NA,NA,NA,NA,NA,NA,NA,1,"group A colicins tolerance protein/translocation protein TolB","ACIAD2620/ACIAD2622",2626686,2626686,2626750,"AB3_v2.2",134,0,1,2,"SUB",NA,"small_indel",65
"RS2B5",NA,"ACIAD3520/ACIAD3521","intergenic (+35/-181)","C","A","C -> A","ACIAD3520/ACIAD3521_Cintergenic (+35/-181)A",NA,NA,NA,NA,NA,NA,NA,NA,0.0866923332,"hypothetical protein/hypothetical protein","ACIAD3520/ACIAD3521",3506096,3506096,3506096,"AB3_v2.2",13,90,1,1,"SNP","intergenic","snp_intergenic",NA
"RS2B5",NA,"ACIAD3657/purK","intergenic (-476/+74)","G","T","G -> T","ACIAD3657/purK_Gintergenic (-476/+74)T",NA,NA,NA,NA,NA,NA,NA,NA,0.153450966,"membrane-bound lytic murein transglycosylase/phosphoribosylaminoimidazole carboxylase ATPase subunit","ACIAD3657/ACIAD3658",3632070,3632070,3632070,"AB3_v2.2",33,125,1,1,"SNP","intergenic","snp_intergenic",NA
"RS41E6",NA,"ACIAD0120","322","C","A","C -> A","ACIAD0120_C322A","CCC","ACC","CCC -> ACC",108,"P","T","P -> T","ACIAD0120_P108T",0.18865633,"pili assembly chaperone, required for type 1 fimbriae","ACIAD0120",121337,121337,121337,"AB3_v2.2",69,216,1,1,"SNP","nonsynonymous","snp_nonsynonymous",NA
"RS41E6",NA,"ACIAD0120","369","G","T","G -> T","ACIAD0120_G369T","TTG","TTT","TTG -> TTT",123,"L","F","L -> F","ACIAD0120_L123F",0.084508419,"pili assembly chaperone, required for type 1 fimbriae","ACIAD0120",121384,121384,121384,"AB3_v2.2",40,279,1,1,"SNP","nonsynonymous","snp_nonsynonymous",NA
"RS41E6",NA,"rpoC","1121","C","T","C -> T","rpoC_C1121T","TCG","TTG","TCG -> TTG",374,"S","L","S -> L","rpoC_S374L",1,"DNA-directed RNA polymerase subunit beta'","ACIAD0308",307384,307384,307384,"AB3_v2.2",328,6,1,1,"SNP","nonsynonymous","snp_nonsynonymous",NA
"RS41E6",NA,"ACIAD0549","556","C","A","C -> A","ACIAD0549_C556A","CGC","AGC","CGC -> AGC",186,"R","S","R -> S","ACIAD0549_R186S",0.108953476,"hydrolase","ACIAD0549",539439,539439,539439,"AB3_v2.2",50,243,1,1,"SNP","nonsynonymous","snp_nonsynonymous",NA
"RS41E6",NA,"ACIAD1132","349","G","T","G -> T","ACIAD1132_G349T","GCA","TCA","GCA -> TCA",117,"A","S","A -> S","ACIAD1132_A117S",0.0553746223,"hypothetical protein","ACIAD1132",1117184,1117184,1117184,"AB3_v2.2",25,228,1,1,"SNP","nonsynonymous","snp_nonsynonymous",NA
"RS41E6",NA,"salR","232","G","T","G -> T","salR_G232T","GCA","TCA","GCA -> TCA",78,"A","S","A -> S","salR_A78S",0.0844802856,"LysR family transcriptional regulator","ACIAD1425",1471999,1471999,1471999,"AB3_v2.2",31,213,1,1,"SNP","nonsynonymous","snp_nonsynonymous",NA
"RS41E6",NA,"ACIAD1679/mucK","intergenic (+835/+1231)","N","G","N -> G","ACIAD1679/mucK_Nintergenic (+835/+1231)G",NA,NA,NA,NA,NA,NA,NA,NA,1,"hypothetical protein/major facilitator superfamily cis,cis-muconate transporter","ACIAD1679/ACIAD1681",1735226,1735226,1735226,"AB3_v2.2",144,0,1,1,"SNP","intergenic","snp_intergenic",NA
"RS41E6",NA,"xcpX","368","A","C","A -> C","xcpX_A368C","TTT","TGT","TTT -> TGT",123,"F","C","F -> C","xcpX_F123C",0.0655465126,"general secretion pathway protein K","ACIAD2354",2368652,2368652,2368652,"AB3_v2.2",25,294,1,1,"SNP","nonsynonymous","snp_nonsynonymous",NA
"RS41E6",NA,"tolR/tolB","intergenic (+498/-611)","N","T","N -> T","tolR/tolB_Nintergenic (+498/-611)T",NA,NA,NA,NA,NA,NA,NA,NA,0.914055347,"group A colicins tolerance protein/translocation protein TolB","ACIAD2620/ACIAD2622",2626604,2626604,2626604,"AB3_v2.2",371,0,1,1,"SNP","intergenic","snp_intergenic",NA
"RS41E6",NA,"tolR/tolB","intergenic (+516/-593)","G","T","G -> T","tolR/tolB_Gintergenic (+516/-593)T",NA,NA,NA,NA,NA,NA,NA,NA,0.0627799034,"group A colicins tolerance protein/translocation protein TolB","ACIAD2620/ACIAD2622",2626622,2626622,2626622,"AB3_v2.2",69,918,1,1,"SNP","intergenic","snp_intergenic",NA
"RS41E6",NA,"tolR/tolB","intergenic (+520/-589)","G","A","G -> A","tolR/tolB_Gintergenic (+520/-589)A",NA,NA,NA,NA,NA,NA,NA,NA,0.152903557,"group A colicins tolerance protein/translocation protein TolB","ACIAD2620/ACIAD2622",2626626,2626626,2626626,"AB3_v2.2",137,764,1,1,"SNP","intergenic","snp_intergenic",NA
"RS41E6",NA,"tolR/tolB","intergenic (+534/-575)","A","AACGAAGCCGAGGCTAAAGCAAAAGCCGAGGCTGCTGCTAAAGCCAAACGCGAAGCAGATGCTAAAGCAAAAGCCGAGGCTACTGCTAAAGCCAAAAACGAAGCAGAGGCCAAAGCAAAAGCCGAGGCTGCTGCTAAAGCCAAA","A -> AACGAAGCCGAGGCTAAAGCAAAAGCCGAGGCTGCTGCTAAAGCCAAACGCGAAGCAGATGCTAAAGCAAAAGCCGAGGCTACTGCTAAAGCCAAAAACGAAGCAGAGGCCAAAGCAAAAGCCGAGGCTGCTGCTAAAGCCAAA","tolR/tolB_Aintergenic (+534/-575)AACGAAGCCGAGGCTAAAGCAAAAGCCGAGGCTGCTGCTAAAGCCAAACGCGAAGCAGATGCTAAAGCAAAAGCCGAGGCTACTGCTAAAGCCAAAAACGAAGCAGAGGCCAAAGCAAAAGCCGAGGCTGCTGCTAAAGCCAAA",NA,NA,NA,NA,NA,NA,NA,NA,1,"group A colicins tolerance protein/translocation protein TolB","ACIAD2620/ACIAD2622",2626640,2626640,2626640,"AB3_v2.2",57,132,1,2,"INS",NA,"large_insertion",NA
"RS41E6",NA,"tolR/tolB","intergenic (+535/-574)","C","ACGAAGCAGAGGCTAAAGCAAAAGCCGAGGCTGCTGCAAAAGCCAAACGCGAAGCAGATGCTAAAGCAAAAGCCGATGCTGCTGCTAAAGCCAAAAACGAAGCCGAGGCTAAAGCAAAAGCCGAGGCTGCTGCTAAAGCCAAAC","C -> ACGAAGCAGAGGCTAAAGCAAAAGCCGAGGCTGCTGCAAAAGCCAAACGCGAAGCAGATGCTAAAGCAAAAGCCGATGCTGCTGCTAAAGCCAAAAACGAAGCCGAGGCTAAAGCAAAAGCCGAGGCTGCTGCTAAAGCCAAAC","tolR/tolB_Cintergenic (+535/-574)ACGAAGCAGAGGCTAAAGCAAAAGCCGAGGCTGCTGCAAAAGCCAAACGCGAAGCAGATGCTAAAGCAAAAGCCGATGCTGCTGCTAAAGCCAAAAACGAAGCCGAGGCTAAAGCAAAAGCCGAGGCTGCTGCTAAAGCCAAAC",NA,NA,NA,NA,NA,NA,NA,NA,0.939413879,"group A colicins tolerance protein/translocation protein TolB","ACIAD2620/ACIAD2622",2626641,2626641,2626641,"AB3_v2.2",80,133,1,2,"INS",NA,"large_insertion",NA
"RS41E6",NA,"tolR/tolB","intergenic (+545/-564)","A","GGCCAAAGCTAAAGCCGAGGCTACTGCTAAAGCCAAAAACGAAGCAGAGACCAAAGCTAAAGCCGAGGCTACTGCTAAAGCCAAACACGAAGCAGAGGCTAAAGCAAAAGCCGAGGCTGCTGCTAAAGCCAAACGCGAAGCAGA","A -> GGCCAAAGCTAAAGCCGAGGCTACTGCTAAAGCCAAAAACGAAGCAGAGACCAAAGCTAAAGCCGAGGCTACTGCTAAAGCCAAACACGAAGCAGAGGCTAAAGCAAAAGCCGAGGCTGCTGCTAAAGCCAAACGCGAAGCAGA","tolR/tolB_Aintergenic (+545/-564)GGCCAAAGCTAAAGCCGAGGCTACTGCTAAAGCCAAAAACGAAGCAGAGACCAAAGCTAAAGCCGAGGCTACTGCTAAAGCCAAACACGAAGCAGAGGCTAAAGCAAAAGCCGAGGCTGCTGCTAAAGCCAAACGCGAAGCAGA",NA,NA,NA,NA,NA,NA,NA,NA,0.823965411,"group A colicins tolerance protein/translocation protein TolB","ACIAD2620/ACIAD2622",2626651,2626651,2626651,"AB3_v2.2",46,120,1,2,"INS",NA,"large_insertion",NA
"RS41E6",NA,"tolR/tolB","intergenic (+568/-541)","N","A","N -> A","tolR/tolB_Nintergenic (+568/-541)A",NA,NA,NA,NA,NA,NA,NA,NA,0.932750225,"group A colicins tolerance protein/translocation protein TolB","ACIAD2620/ACIAD2622",2626674,2626674,2626674,"AB3_v2.2",264,0,1,1,"SNP","intergenic","snp_intergenic",NA
"RS41E6",NA,"tolR/tolB","intergenic (+580/-465)","65-bp","AAAAACGAAGCAGAGGCCAAAGCAAAAGCCGATGCTGCT","65-bp -> AAAAACGAAGCAGAGGCCAAAGCAAAAGCCGATGCTGCT","tolR/tolB_65-bpintergenic (+580/-465)AAAAACGAAGCAGAGGCCAAAGCAAAAGCCGATGCTGCT",NA,NA,NA,NA,NA,NA,NA,NA,1,"group A colicins tolerance protein/translocation protein TolB","ACIAD2620/ACIAD2622",2626686,2626686,2626750,"AB3_v2.2",248,0,1,2,"SUB",NA,"small_indel",65
"RS41E6",NA,"rpoD","813","G","T","G -> T","rpoD_G813T","ATG","ATT","ATG -> ATT",271,"M","I","M -> I","rpoD_M271I",0.0880713463,"sigma D (sigma 70) factor of RNA polymerase, major sigma factor during exponential growth","ACIAD2925",2911865,2911865,2911865,"AB3_v2.2",49,302,1,1,"SNP","nonsynonymous","snp_nonsynonymous",NA
"RS41E6",NA,"rpoD","827","C","A","C -> A","rpoD_C827A","ACC","AAC","ACC -> AAC",276,"T","N","T -> N","rpoD_T276N",0.0628223419,"sigma D (sigma 70) factor of RNA polymerase, major sigma factor during exponential growth","ACIAD2925",2911879,2911879,2911879,"AB3_v2.2",41,297,1,1,"SNP","nonsynonymous","snp_nonsynonymous",NA
"RS41E6",NA,"ACIAD3462/actP","intergenic (+13/+27)","A","C","A -> C","ACIAD3462/actP_Aintergenic (+13/+27)C",NA,NA,NA,NA,NA,NA,NA,NA,0.0807757378,"hypothetical protein/acetate permease","ACIAD3462/ACIAD3463",3444489,3444489,3444489,"AB3_v2.2",30,266,1,1,"SNP","intergenic","snp_intergenic",NA
"RS41E6",NA,"ACIAD3520/ACIAD3521","intergenic (+27/-189)","G","T","G -> T","ACIAD3520/ACIAD3521_Gintergenic (+27/-189)T",NA,NA,NA,NA,NA,NA,NA,NA,0.152543068,"hypothetical protein/hypothetical protein","ACIAD3520/ACIAD3521",3506088,3506088,3506088,"AB3_v2.2",39,156,1,1,"SNP","intergenic","snp_intergenic",NA
"RS41E6",NA,"ACIAD3520/ACIAD3521","intergenic (+33/-183)","G","T","G -> T","ACIAD3520/ACIAD3521_Gintergenic (+33/-183)T",NA,NA,NA,NA,NA,NA,NA,NA,0.105071068,"hypothetical protein/hypothetical protein","ACIAD3520/ACIAD3521",3506094,3506094,3506094,"AB3_v2.2",31,155,1,1,"SNP","intergenic","snp_intergenic",NA
"RS41E6",NA,"ACIAD3520/ACIAD3521","intergenic (+35/-181)","C","A","C -> A","ACIAD3520/ACIAD3521_Cintergenic (+35/-181)A",NA,NA,NA,NA,NA,NA,NA,NA,0.078476429,"hypothetical protein/hypothetical protein","ACIAD3520/ACIAD3521",3506096,3506096,3506096,"AB3_v2.2",25,174,1,1,"SNP","intergenic","snp_intergenic",NA
"RS41E6",NA,"ACIAD3520/ACIAD3521","intergenic (+36/-180)","T","A","T -> A","ACIAD3520/ACIAD3521_Tintergenic (+36/-180)A",NA,NA,NA,NA,NA,NA,NA,NA,0.112575531,"hypothetical protein/hypothetical protein","ACIAD3520/ACIAD3521",3506097,3506097,3506097,"AB3_v2.2",28,172,1,1,"SNP","intergenic","snp_intergenic",NA
"RS41E6",NA,"ACIAD3543","381","G","T","G -> T","ACIAD3543_G381T","TTG","TTT","TTG -> TTT",127,"L","F","L -> F","ACIAD3543_L127F",0.0831456184,"hypothetical protein","ACIAD3543",3525048,3525048,3525048,"AB3_v2.2",35,215,1,1,"SNP","nonsynonymous","snp_nonsynonymous",NA
