"aa_new_seq","aa_position","aa_ref_seq","clone","codon_new_seq","codon_number","codon_position","codon_position_is_indeterminate","codon_ref_seq","frequency","gene_name","gene_position","gene_product","gene_strand","genes_inactivated","genes_overlapping","genes_promoter","insert_position","locus_tag","locus_tags_inactivated","locus_tags_overlapping","locus_tags_promoter","multiple_polymorphic_SNPs_in_same_codon","mutation_category","mutator_status","new_read_count","new_read_count_basis","new_seq","population","position","position_end","position_start","ref_read_count","ref_read_count_basis","ref_seq","seq_id","size","snp_type","time","title","transl_table","treatment","type"
"","","","","","","","","","5.96461296e-02","gudD/kdgD","intergenic (+638/-73)","D-glucarate dehydratase/5-dehydro-4-deoxyglucarate dehydratase",">/>","","","kdgD","","ACIAD0128/ACIAD0130","","","ACIAD0130","","snp_intergenic","","4","1","A","","133982","133982","133982","63","1","G","AB3_v2.2","","intergenic","-1","SF1937_J5271","","","SNP"
"","","","","","","","","","3.34661007e-01","ACIADrRNA16S_1/ACIADtRNAIle_1","intergenic (+18/-44)","16S/tRNA-Ile",">/>","","","ACIADtRNAIle_1","","ACIADrRNA16S_1/ACIADtRNAIle_1","","","ACIADtRNAIle_1","","snp_intergenic","","232","1","T","","646024","646024","646024","462","1","C","AB3_v2.2","","intergenic","-1","SF1937_J5271","","","SNP"
"","","","","","","","","","5.14564514e-02","ACIADrRNA23S_8","noncoding (2118/2899 nt)","23S",">","","ACIADrRNA23S_8","","","ACIADrRNA23S_8","","ACIADrRNA23S_8","","","snp_noncoding","","22","1","T","","648807","648807","648807","395","1","A","AB3_v2.2","","noncoding","-1","SF1937_J5271","","","SNP"
"T","101","A","","ACA","101","1","","GCA","3.36775780e-01","rstA","301","two-component regulatory system response regulator",">","","rstA","","","ACIAD0726","","ACIAD0726","","","snp_nonsynonymous","","161","1","A","","709564","709564","709564","317","1","G","AB3_v2.2","","nonsynonymous","-1","SF1937_J5271","11","","SNP"
"G","34","G","","GGG","34","3","","GGT","5.85805893e-01","nuoA","102","NADH dehydrogenase I chain A",">","","nuoA","","","ACIAD0730","","ACIAD0730","","","snp_synonymous","","202","1","G","","712814","712814","712814","143","1","T","AB3_v2.2","","synonymous","-1","SF1937_J5271","11","","SNP"
"F","143","L","","TTT","143","3","","TTG","5.24845123e-02","ACIAD0853","429","hypothetical protein",">","","ACIAD0853","","","ACIAD0853","","ACIAD0853","","","snp_nonsynonymous","","19","1","T","","839684","839684","839684","342","1","G","AB3_v2.2","","nonsynonymous","-1","SF1937_J5271","11","","SNP"
"C","86","R","","TGT","86","1","","CGT","5.81037998e-01","rpsL","256","30S ribosomal protein S12",">","","rpsL","","","ACIAD0881","","ACIAD0881","","","snp_nonsynonymous","","208","1","T","","863583","863583","863583","150","1","C","AB3_v2.2","","nonsynonymous","-1","SF1937_J5271","11","","SNP"
"","","","","","","","","","1","ACIAD1233/ACIAD1235","intergenic (-640/-1285)","signal peptide/hypothetical protein","</>","","","","","ACIAD1233/ACIAD1235","","","","","snp_intergenic","","254","1","C","","1286246","1286246","1286246","0","1","N","AB3_v2.2","","intergenic","-1","SF1937_J5271","","","SNP"
"","","","","","","","","","6.18672246e-02","ACIAD1312/rhlB","intergenic (-484/-203)","hypothetical protein/ATP-dependent RNA helicase RhlB","</>","","","","","ACIAD1312/ACIAD1314","","","","","small_indel","","9","1","","","1363572","1363592","1363572","340","2","21-bp","AB3_v2.2","21","","-1","SF1937_J5271","","","DEL"
"","","","","","","","","","1","ACIAD1679/mucK","intergenic (+835/+1231)","hypothetical protein/major facilitator superfamily cis,cis-muconate transporter",">/<","","","mucK","","ACIAD1679/ACIAD1681","","","ACIAD1681","","snp_intergenic","","86","1","G","","1735226","1735226","1735226","0","1","N","AB3_v2.2","","intergenic","-1","SF1937_J5271","","","SNP"
"","","","","","","","","","1","ACIAD2249/ACIAD2251","intergenic (-741/+1215)","hypothetical protein/hypothetical protein","</<","","","","","ACIAD2249/ACIAD2251","","","","","snp_intergenic","","227","1","T","","2273478","2273478","2273478","0","1","N","AB3_v2.2","","intergenic","-1","SF1937_J5271","","","SNP"
"","","","","","","","","","1","ACIAD2484/ACIAD2500","intergenic (+4508/+618)","hypothetical protein/two-component response regulator protein",">/<","","","ACIAD2500","","ACIAD2484/ACIAD2500","","","ACIAD2500","","small_indel","","341","1","","","2505088","2505136","2505088","0","2","49-bp","AB3_v2.2","49","","-1","SF1937_J5271","","","DEL"
"","","","","","","","","","8.10785294e-02","tolR/tolB","intergenic (+495/-614)","group A colicins tolerance protein/translocation protein TolB",">/>","","","tolB","","ACIAD2620/ACIAD2622","","","ACIAD2622","","snp_intergenic","","20","1","C","","2626601","2626601","2626601","224","1","A","AB3_v2.2","","intergenic","-1","SF1937_J5271","","","SNP"
"","","","","","","","","","5.26283741e-01","tolR/tolB","intergenic (+498/-611)","group A colicins tolerance protein/translocation protein TolB",">/>","","","tolB","","ACIAD2620/ACIAD2622","","","ACIAD2622","","snp_intergenic","","130","1","T","","2626604","2626604","2626604","0","1","N","AB3_v2.2","","intergenic","-1","SF1937_J5271","","","SNP"
"","","","","","","","","","6.60581589e-02","tolR/tolB","intergenic (+499/-610)","group A colicins tolerance protein/translocation protein TolB",">/>","","","tolB","","ACIAD2620/ACIAD2622","","","ACIAD2622","","snp_intergenic","","16","1","A","","2626605","2626605","2626605","226","1","G","AB3_v2.2","","intergenic","-1","SF1937_J5271","","","SNP"
"","","","","","","","","","9.15808678e-02","tolR/tolB","intergenic (+501/-608)","group A colicins tolerance protein/translocation protein TolB",">/>","","","tolB","","ACIAD2620/ACIAD2622","","","ACIAD2622","","snp_intergenic","","23","1","C","","2626607","2626607","2626607","228","1","T","AB3_v2.2","","intergenic","-1","SF1937_J5271","","","SNP"
"","","","","","","","","","1.75422668e-01","tolR/tolB","intergenic (+507/-602)","group A colicins tolerance protein/translocation protein TolB",">/>","","","tolB","","ACIAD2620/ACIAD2622","","","ACIAD2622","","snp_intergenic","","67","1","T","","2626613","2626613","2626613","315","1","A","AB3_v2.2","","intergenic","-1","SF1937_J5271","","","SNP"
"","","","","","","","","","1.93315029e-01","tolR/tolB","intergenic (+520/-589)","group A colicins tolerance protein/translocation protein TolB",">/>","","","tolB","","ACIAD2620/ACIAD2622","","","ACIAD2622","","snp_intergenic","","64","1","A","","2626626","2626626","2626626","267","1","G","AB3_v2.2","","intergenic","-1","SF1937_J5271","","","SNP"
"","","","","","","","","","2.32409477e-01","tolR/tolB","intergenic (+525/-584)","group A colicins tolerance protein/translocation protein TolB",">/>","","","tolB","","ACIAD2620/ACIAD2622","","","ACIAD2622","","snp_intergenic","","77","1","A","","2626631","2626631","2626631","253","1","T","AB3_v2.2","","intergenic","-1","SF1937_J5271","","","SNP"
"","","","","","","","","","1.46020412e-01","tolR/tolB","intergenic (+535/-574)","group A colicins tolerance protein/translocation protein TolB",">/>","","","tolB","","ACIAD2620/ACIAD2622","","","ACIAD2622","","snp_intergenic","","45","1","A","","2626641","2626641","2626641","259","1","C","AB3_v2.2","","intergenic","-1","SF1937_J5271","","","SNP"
"","","","","","","","","","1.98594093e-01","tolR/tolB","intergenic (+536/-573)","group A colicins tolerance protein/translocation protein TolB",">/>","","","tolB","","ACIAD2620/ACIAD2622","","","ACIAD2622","","snp_intergenic","","60","1","A","","2626642","2626642","2626642","242","1","G","AB3_v2.2","","intergenic","-1","SF1937_J5271","","","SNP"
"","","","","","","","","","2.78624535e-01","tolR/tolB","intergenic (+546/-563)","group A colicins tolerance protein/translocation protein TolB",">/>","","","tolB","","ACIAD2620/ACIAD2622","","","ACIAD2622","","snp_intergenic","","86","1","G","","2626652","2626652","2626652","223","1","T","AB3_v2.2","","intergenic","-1","SF1937_J5271","","","SNP"
"","","","","","","","","","2.73283482e-01","tolR/tolB","intergenic (+549/-560)","group A colicins tolerance protein/translocation protein TolB",">/>","","","tolB","","ACIAD2620/ACIAD2622","","","ACIAD2622","","snp_intergenic","","79","1","C","","2626655","2626655","2626655","210","1","T","AB3_v2.2","","intergenic","-1","SF1937_J5271","","","SNP"
"","","","","","","","","","1.85577393e-01","tolR/tolB","intergenic (+555/-554)","group A colicins tolerance protein/translocation protein TolB",">/>","","","tolB","","ACIAD2620/ACIAD2622","","","ACIAD2622","","snp_intergenic","","49","1","T","","2626661","2626661","2626661","215","1","A","AB3_v2.2","","intergenic","-1","SF1937_J5271","","","SNP"
"","","","","","","","","","1.62537098e-01","tolR/tolB","intergenic (+564/-545)","group A colicins tolerance protein/translocation protein TolB",">/>","","","tolB","","ACIAD2620/ACIAD2622","","","ACIAD2622","","snp_intergenic","","38","1","T","","2626670","2626670","2626670","196","1","G","AB3_v2.2","","intergenic","-1","SF1937_J5271","","","SNP"
"","","","","","","","","","7.80004501e-01","tolR/tolB","intergenic (+568/-541)","group A colicins tolerance protein/translocation protein TolB",">/>","","","tolB","","ACIAD2620/ACIAD2622","","","ACIAD2622","","snp_intergenic","","39","1","A","","2626674","2626674","2626674","0","1","N","AB3_v2.2","","intergenic","-1","SF1937_J5271","","","SNP"
"","","","","","","","","","1","tolR/tolB","intergenic (+580/-512)","group A colicins tolerance protein/translocation protein TolB",">/>","","","tolB","","ACIAD2620/ACIAD2622","","","ACIAD2622","","small_indel","","126","18","AAAAACGAAGCAGAGACC","","2626686","2626703","2626686","0","18","NNNNNNNNNNNNNNNNNA","AB3_v2.2","18","","-1","SF1937_J5271","","","SUB"
"","","","","","","","","","3.33311558e-01","tolR/tolB","intergenic (+611/-498)","group A colicins tolerance protein/translocation protein TolB",">/>","","","tolB","","ACIAD2620/ACIAD2622","","","ACIAD2622","","snp_intergenic","","10","1","T","","2626717","2626717","2626717","20","1","G","AB3_v2.2","","intergenic","-1","SF1937_J5271","","","SNP"
"","","","","","","","","","2.63160706e-01","tolR/tolB","intergenic (+614/-495)","group A colicins tolerance protein/translocation protein TolB",">/>","","","tolB","","ACIAD2620/ACIAD2622","","","ACIAD2622","","snp_intergenic","","10","1","T","","2626720","2626720","2626720","28","1","C","AB3_v2.2","","intergenic","-1","SF1937_J5271","","","SNP"
"","","","","","","","","","1","tolR/tolB","intergenic (+636/-465)","group A colicins tolerance protein/translocation protein TolB",">/>","","","tolB","","ACIAD2620/ACIAD2622","","","ACIAD2622","","small_indel","","51","1","","","2626742","2626750","2626742","0","2","NNNNNNNNN","AB3_v2.2","9","","-1","SF1937_J5271","","","DEL"
"","","","","","","","","","1","ACIADrRNA5S_3/ACIADtRNAAla_2","intergenic (-44/+3474)","5S/tRNA-Ala","</<","","","ACIADrRNA5S_3","","ACIADrRNA5S_3/ACIADtRNAAla_2","","","ACIADrRNA5S_3","","small_indel","","476","2","GA","","2998629","2998630","2998629","0","2","NN","AB3_v2.2","2","","-1","SF1937_J5271","","","SUB"
"","","","","","","","","","1","ACIADrRNA5S_3/ACIADtRNAAla_2","intergenic (-64/+3455)","5S/tRNA-Ala","</<","","","ACIADrRNA5S_3","","ACIADrRNA5S_3/ACIADtRNAAla_2","","","ACIADrRNA5S_3","","snp_intergenic","","244","1","T","","2998649","2998649","2998649","0","1","N","AB3_v2.2","","intergenic","-1","SF1937_J5271","","","SNP"
"","","","","","","","","","1","ACIADrRNA5S_3/ACIADtRNAAla_2","intergenic (-97/+3422)","5S/tRNA-Ala","</<","","","ACIADrRNA5S_3","","ACIADrRNA5S_3/ACIADtRNAAla_2","","","ACIADrRNA5S_3","","snp_intergenic","","218","1","A","","2998682","2998682","2998682","1","1","C","AB3_v2.2","","intergenic","-1","SF1937_J5271","","","SNP"
"","","","","","","","","","1","ACIADrRNA5S_3/ACIADtRNAAla_2","intergenic (-113/+3406)","5S/tRNA-Ala","</<","","","ACIADrRNA5S_3","","ACIADrRNA5S_3/ACIADtRNAAla_2","","","ACIADrRNA5S_3","","snp_intergenic","","183","1","T","","2998698","2998698","2998698","0","1","G","AB3_v2.2","","intergenic","-1","SF1937_J5271","","","SNP"
"","","","","","","","","","1","ACIADrRNA5S_3/ACIADtRNAAla_2","intergenic (-116/+3402)","5S/tRNA-Ala","</<","","","ACIADrRNA5S_3","","ACIADrRNA5S_3/ACIADtRNAAla_2","","","ACIADrRNA5S_3","","small_indel","","365","2","TG","","2998701","2998702","2998701","0","2","AC","AB3_v2.2","2","","-1","SF1937_J5271","","","SUB"
"","","","","","","","","","1","ACIADrRNA5S_3/ACIADtRNAAla_2","intergenic (-119/+3399)","5S/tRNA-Ala","</<","","","ACIADrRNA5S_3","","ACIADrRNA5S_3/ACIADtRNAAla_2","","","ACIADrRNA5S_3","","small_indel","","365","2","TC","","2998704","2998705","2998704","0","2","AG","AB3_v2.2","2","","-1","SF1937_J5271","","","SUB"
"","","","","","","","","","1","ACIADrRNA5S_3/ACIADtRNAAla_2","intergenic (-122/+3396)","5S/tRNA-Ala","</<","","","ACIADrRNA5S_3","","ACIADrRNA5S_3/ACIADtRNAAla_2","","","ACIADrRNA5S_3","","small_indel","","366","2","AG","","2998707","2998708","2998707","0","2","TN","AB3_v2.2","2","","-1","SF1937_J5271","","","SUB"
"","","","","","","","","","1","ACIADrRNA5S_3/ACIADtRNAAla_2","intergenic (-125/+3394)","5S/tRNA-Ala","</<","","","ACIADrRNA5S_3","","ACIADrRNA5S_3/ACIADtRNAAla_2","","","ACIADrRNA5S_3","","snp_intergenic","","183","1","C","","2998710","2998710","2998710","0","1","A","AB3_v2.2","","intergenic","-1","SF1937_J5271","","","SNP"
"S","68","A","","TCA","68","1","","GCA","7.03673363e-02","phaG","202","monovalent cation/H+ antiporter subunit G","<","","phaG","","","ACIAD0371","","ACIAD0371","","","snp_nonsynonymous","","24","1","A","","362675","362675","362675","183","1","C","AB3_v2.2","","nonsynonymous","-1","SF1962_J5271","11","","SNP"
"I","51","I","","ATA","51","3","","ATC","5.09414673e-02","ACIAD0639","153","hypothetical protein",">","","ACIAD0639","","","ACIAD0639","","ACIAD0639","","","snp_synonymous","","23","1","A","","625789","625789","625789","199","1","C","AB3_v2.2","","synonymous","-1","SF1962_J5271","11","","SNP"
"","","","","","","","","","3.12799931e-01","ACIADrRNA16S_1/ACIADtRNAIle_1","intergenic (+18/-44)","16S/tRNA-Ile",">/>","","","ACIADtRNAIle_1","","ACIADrRNA16S_1/ACIADtRNAIle_1","","","ACIADtRNAIle_1","","snp_intergenic","","183","1","T","","646024","646024","646024","402","1","C","AB3_v2.2","","intergenic","-1","SF1962_J5271","","","SNP"
"Y","111","D","","TAT","111","1","","GAT","8.42089653e-02","ACIAD1132","331","hypothetical protein",">","","ACIAD1132","","","ACIAD1132","","ACIAD1132","","","snp_nonsynonymous","","27","1","T","","1117166","1117166","1117166","169","1","G","AB3_v2.2","","nonsynonymous","-1","SF1962_J5271","11","","SNP"
"","","","","","","","","","1","ACIAD1233/ACIAD1235","intergenic (-640/-1285)","signal peptide/hypothetical protein","</>","","","","","ACIAD1233/ACIAD1235","","","","","snp_intergenic","","172","1","C","","1286246","1286246","1286246","0","1","N","AB3_v2.2","","intergenic","-1","SF1962_J5271","","","SNP"
"","","","","","","","","","4.07055879e-01","ACIAD1312/rhlB","intergenic (-484/-203)","hypothetical protein/ATP-dependent RNA helicase RhlB","</>","","","","","ACIAD1312/ACIAD1314","","","","","small_indel","","57","1","","","1363572","1363592","1363572","196","2","21-bp","AB3_v2.2","21","","-1","SF1962_J5271","","","DEL"
"D","67","Y","","GAC","67","1","","TAC","8.02216530e-02","benR","199","benzoate degradation transcriptional regulator","<","","benR","","","ACIAD1435","","ACIAD1435","","","snp_nonsynonymous","","17","1","C","","1484249","1484249","1484249","191","1","A","AB3_v2.2","","nonsynonymous","-1","SF1962_J5271","11","","SNP"
"I","523","I","","ATA","523","3","","ATC","8.58421326e-02","ACIAD1672","1569","haloacid dehalogenase",">","","ACIAD1672","","","ACIAD1672","","ACIAD1672","","","snp_synonymous","","21","1","A","","1729357","1729357","1729357","138","1","C","AB3_v2.2","","synonymous","-1","SF1962_J5271","11","","SNP"
"","","","","","","","","","1","ACIAD1679/mucK","intergenic (+835/+1231)","hypothetical protein/major facilitator superfamily cis,cis-muconate transporter",">/<","","","mucK","","ACIAD1679/ACIAD1681","","","ACIAD1681","","snp_intergenic","","118","1","G","","1735226","1735226","1735226","0","1","N","AB3_v2.2","","intergenic","-1","SF1962_J5271","","","SNP"
"K","49","*","","AAA","49","1","","TAA","1.02580547e-01","ACIAD1851","145","hypothetical protein","<","","ACIAD1851","","","ACIAD1851","","ACIAD1851","","","snp_nonsynonymous","","1402","1","T","","1903301","1903301","1903301","10512","1","A","AB3_v2.2","","nonsynonymous","-1","SF1962_J5271","11","","SNP"
"Q","48","H","","CAA","48","3","","CAC","5.12161255e-02","ACIAD1851","144","hypothetical protein","<","","ACIAD1851","","","ACIAD1851","","ACIAD1851","","","snp_nonsynonymous","","1256","1","T","","1903302","1903302","1903302","10502","1","G","AB3_v2.2","","nonsynonymous","-1","SF1962_J5271","11","","SNP"
"E","47","D","","GAA","47","3","","GAT","1.01724148e-01","ACIAD1851","141","hypothetical protein","<","","ACIAD1851","","","ACIAD1851","","ACIAD1851","","1","snp_nonsynonymous","","1197","1","T","","1903305","1903305","1903305","9842","1","A","AB3_v2.2","","nonsynonymous","-1","SF1962_J5271","11","","SNP"
"Y","47","D","","TAT","47","1","","GAT","6.21709824e-02","ACIAD1851","139","hypothetical protein","<","","ACIAD1851","","","ACIAD1851","","ACIAD1851","","1","snp_nonsynonymous","","1557","1","A","","1903307","1903307","1903307","9415","1","C","AB3_v2.2","","nonsynonymous","-1","SF1962_J5271","11","","SNP"
"Y","45","F","","TAC","45","2","","TTC","7.15208054e-02","ACIAD1851","134","hypothetical protein","<","","ACIAD1851","","","ACIAD1851","","ACIAD1851","","","snp_nonsynonymous","","868","1","T","","1903312","1903312","1903312","9912","1","A","AB3_v2.2","","nonsynonymous","-1","SF1962_J5271","11","","SNP"
"E","40","A","","GAA","40","2","","GCA","8.00142288e-02","ACIAD1851","119","hypothetical protein","<","","ACIAD1851","","","ACIAD1851","","ACIAD1851","","","snp_nonsynonymous","","1447","1","T","","1903327","1903327","1903327","9569","1","G","AB3_v2.2","","nonsynonymous","-1","SF1962_J5271","11","","SNP"
"*","34","S","","TAA","34","2","","TCA","5.09676933e-02","ACIAD1851","101","hypothetical protein","<","ACIAD1851","","","","ACIAD1851","ACIAD1851","","","","snp_nonsense","","1096","1","T","","1903345","1903345","1903345","9868","1","G","AB3_v2.2","","nonsense","-1","SF1962_J5271","11","","SNP"
"Q","33","P","","CAA","33","2","","CCA","6.86764717e-02","ACIAD1851","98","hypothetical protein","<","","ACIAD1851","","","ACIAD1851","","ACIAD1851","","","snp_nonsynonymous","","1274","1","T","","1903348","1903348","1903348","9687","1","G","AB3_v2.2","","nonsynonymous","-1","SF1962_J5271","11","","SNP"
"","","","","","","","","","1","ACIAD2249/ACIAD2251","intergenic (-741/+1215)","hypothetical protein/hypothetical protein","</<","","","","","ACIAD2249/ACIAD2251","","","","","snp_intergenic","","142","1","T","","2273478","2273478","2273478","0","1","N","AB3_v2.2","","intergenic","-1","SF1962_J5271","","","SNP"
"*","4","S","","TAA","4","2","","TCA","1.71214104e-01","ACIAD2300","11","hypothetical protein","<","ACIAD2300","","","","ACIAD2300","ACIAD2300","","","","snp_nonsense","","38","1","T","","2323262","2323262","2323262","150","1","G","AB3_v2.2","","nonsense","-1","SF1962_J5271","11","","SNP"
"","","","","","","","","","1","ACIAD2484/ACIAD2500","intergenic (+4508/+618)","hypothetical protein/two-component response regulator protein",">/<","","","ACIAD2500","","ACIAD2484/ACIAD2500","","","ACIAD2500","","small_indel","","241","1","","","2505088","2505136","2505088","0","2","49-bp","AB3_v2.2","49","","-1","SF1962_J5271","","","DEL"
"","","","","","","","","","7.47628212e-02","tolR/tolB","intergenic (+447/-662)","group A colicins tolerance protein/translocation protein TolB",">/>","","","tolB","","ACIAD2620/ACIAD2622","","","ACIAD2622","","snp_intergenic","","18","1","A","","2626553","2626553","2626553","222","1","G","AB3_v2.2","","intergenic","-1","SF1962_J5271","","","SNP"
"","","","","","","","","","6.78792000e-02","tolR/tolB","intergenic (+450/-659)","group A colicins tolerance protein/translocation protein TolB",">/>","","","tolB","","ACIAD2620/ACIAD2622","","","ACIAD2622","","snp_intergenic","","19","1","T","","2626556","2626556","2626556","229","1","G","AB3_v2.2","","intergenic","-1","SF1962_J5271","","","SNP"
"","","","","","","","","","6.64815903e-02","tolR/tolB","intergenic (+451/-658)","group A colicins tolerance protein/translocation protein TolB",">/>","","","tolB","","ACIAD2620/ACIAD2622","","","ACIAD2622","","snp_intergenic","","19","1","G","","2626557","2626557","2626557","248","1","T","AB3_v2.2","","intergenic","-1","SF1962_J5271","","","SNP"
"","","","","","","","","","9.49530602e-02","tolR/tolB","intergenic (+459/-650)","group A colicins tolerance protein/translocation protein TolB",">/>","","","tolB","","ACIAD2620/ACIAD2622","","","ACIAD2622","","snp_intergenic","","23","1","A","","2626565","2626565","2626565","203","1","T","AB3_v2.2","","intergenic","-1","SF1962_J5271","","","SNP"
"","","","","","","","","","1.00831509e-01","tolR/tolB","intergenic (+465/-644)","group A colicins tolerance protein/translocation protein TolB",">/>","","","tolB","","ACIAD2620/ACIAD2622","","","ACIAD2622","","snp_intergenic","","28","1","C","","2626571","2626571","2626571","242","1","A","AB3_v2.2","","intergenic","-1","SF1962_J5271","","","SNP"
"","","","","","","","","","8.93058777e-02","tolR/tolB","intergenic (+470/-639)","group A colicins tolerance protein/translocation protein TolB",">/>","","","tolB","","ACIAD2620/ACIAD2622","","","ACIAD2622","","snp_intergenic","","26","1","C","","2626576","2626576","2626576","254","1","A","AB3_v2.2","","intergenic","-1","SF1962_J5271","","","SNP"
"","","","","","","","","","1.01922512e-01","tolR/tolB","intergenic (+471/-638)","group A colicins tolerance protein/translocation protein TolB",">/>","","","tolB","","ACIAD2620/ACIAD2622","","","ACIAD2622","","snp_intergenic","","30","1","T","","2626577","2626577","2626577","249","1","A","AB3_v2.2","","intergenic","-1","SF1962_J5271","","","SNP"
"","","","","","","","","","1.26217365e-01","tolR/tolB","intergenic (+495/-614)","group A colicins tolerance protein/translocation protein TolB",">/>","","","tolB","","ACIAD2620/ACIAD2622","","","ACIAD2622","","snp_intergenic","","44","1","C","","2626601","2626601","2626601","298","1","A","AB3_v2.2","","intergenic","-1","SF1962_J5271","","","SNP"
"","","","","","","","","","7.53760338e-01","tolR/tolB","intergenic (+498/-611)","group A colicins tolerance protein/translocation protein TolB",">/>","","","tolB","","ACIAD2620/ACIAD2622","","","ACIAD2622","","snp_intergenic","","263","1","T","","2626604","2626604","2626604","0","1","N","AB3_v2.2","","intergenic","-1","SF1962_J5271","","","SNP"
"","","","","","","","","","6.91885948e-02","tolR/tolB","intergenic (+501/-608)","group A colicins tolerance protein/translocation protein TolB",">/>","","","tolB","","ACIAD2620/ACIAD2622","","","ACIAD2622","","snp_intergenic","","38","1","C","","2626607","2626607","2626607","523","1","T","AB3_v2.2","","intergenic","-1","SF1962_J5271","","","SNP"
"","","","","","","","","","9.49907303e-02","tolR/tolB","intergenic (+520/-589)","group A colicins tolerance protein/translocation protein TolB",">/>","","","tolB","","ACIAD2620/ACIAD2622","","","ACIAD2622","","snp_intergenic","","56","1","A","","2626626","2626626","2626626","531","1","G","AB3_v2.2","","intergenic","-1","SF1962_J5271","","","SNP"
"","","","","","","","","","8.83883604e-01","tolR/tolB","intergenic (+535/-574)","group A colicins tolerance protein/translocation protein TolB",">/>","","","tolB","1","ACIAD2620/ACIAD2622","","","ACIAD2622","","large_insertion","","54","1","ACGAAGCAGAGGCTAAAGCAAAAGCCGAGGCTGCTGCAAAAGCCAAACGCGAAGCAGATGCTAAAGCAAAAGCCGATGCTGCTGCTAAAGCCAAAAACGAAGCCGAGGCTAAAGCAAAAGCCGAGGCTGCTGCTAAAGCCAAAC","","2626641","2626641","2626641","166","2","C","AB3_v2.2","","","-1","SF1962_J5271","","","INS"
"","","","","","","","","","6.73704415e-01","tolR/tolB","intergenic (+545/-564)","group A colicins tolerance protein/translocation protein TolB",">/>","","","tolB","1","ACIAD2620/ACIAD2622","","","ACIAD2622","","large_insertion","","27","1","GGCCAAAGCTAAAGCCGAGGCTACTGCTAAAGCCAAAAACGAAGCAGAGACCAAAGCTAAAGCCGAGGCTACTGCTAAAGCCAAACACGAAGCAGAGGCTAAAGCAAAAGCCGAGGCTGCTGCTAAAGCCAAACGCGAAGCAGA","","2626651","2626651","2626651","153","2","A","AB3_v2.2","","","-1","SF1962_J5271","","","INS"
"","","","","","","","","","8.30790150e-01","tolR/tolB","intergenic (+567/-542)","group A colicins tolerance protein/translocation protein TolB",">/>","","","tolB","1","ACIAD2620/ACIAD2622","","","ACIAD2622","","large_insertion","","47","1","ACTGCTAAAGCCAAAAACGAAGCAGAGGCCAAAGCAAAAGCCGAGGCTGCTGCTAAAGCCAAACGCGAAGCAGATGCTAAAGCAAAAGCCGAGGCTACTGCTAAAGCCAAACGCGAAGCAGATGCTAAAGCAAAAGCCGAGGCT","","2626673","2626673","2626673","112","2","T","AB3_v2.2","","","-1","SF1962_J5271","","","INS"
"","","","","","","","","","9.28803444e-01","tolR/tolB","intergenic (+568/-541)","group A colicins tolerance protein/translocation protein TolB",">/>","","","tolB","","ACIAD2620/ACIAD2622","","","ACIAD2622","","snp_intergenic","","195","1","A","","2626674","2626674","2626674","0","1","N","AB3_v2.2","","intergenic","-1","SF1962_J5271","","","SNP"
"","","","","","","","","","1","tolR/tolB","intergenic (+580/-465)","group A colicins tolerance protein/translocation protein TolB",">/>","","","tolB","","ACIAD2620/ACIAD2622","","","ACIAD2622","","small_indel","","159","1","AAAAACGAAGCAGAGGCCAAAGCAAAAGCCGATGCTGCT","","2626686","2626750","2626686","0","2","65-bp","AB3_v2.2","65","","-1","SF1962_J5271","","","SUB"
"","","","","","","","","","1","ACIADrRNA5S_3/ACIADtRNAAla_2","intergenic (-44/+3474)","5S/tRNA-Ala","</<","","","ACIADrRNA5S_3","","ACIADrRNA5S_3/ACIADtRNAAla_2","","","ACIADrRNA5S_3","","small_indel","","341","2","GA","","2998629","2998630","2998629","0","2","NN","AB3_v2.2","2","","-1","SF1962_J5271","","","SUB"
"","","","","","","","","","1","ACIADrRNA5S_3/ACIADtRNAAla_2","intergenic (-64/+3455)","5S/tRNA-Ala","</<","","","ACIADrRNA5S_3","","ACIADrRNA5S_3/ACIADtRNAAla_2","","","ACIADrRNA5S_3","","snp_intergenic","","174","1","T","","2998649","2998649","2998649","0","1","N","AB3_v2.2","","intergenic","-1","SF1962_J5271","","","SNP"
"","","","","","","","","","1","ACIADrRNA5S_3/ACIADtRNAAla_2","intergenic (-97/+3422)","5S/tRNA-Ala","</<","","","ACIADrRNA5S_3","","ACIADrRNA5S_3/ACIADtRNAAla_2","","","ACIADrRNA5S_3","","snp_intergenic","","158","1","A","","2998682","2998682","2998682","2","1","C","AB3_v2.2","","intergenic","-1","SF1962_J5271","","","SNP"
"","","","","","","","","","1","ACIADrRNA5S_3/ACIADtRNAAla_2","intergenic (-113/+3406)","5S/tRNA-Ala","</<","","","ACIADrRNA5S_3","","ACIADrRNA5S_3/ACIADtRNAAla_2","","","ACIADrRNA5S_3","","snp_intergenic","","125","1","T","","2998698","2998698","2998698","0","1","G","AB3_v2.2","","intergenic","-1","SF1962_J5271","","","SNP"
"","","","","","","","","","1","ACIADrRNA5S_3/ACIADtRNAAla_2","intergenic (-116/+3402)","5S/tRNA-Ala","</<","","","ACIADrRNA5S_3","","ACIADrRNA5S_3/ACIADtRNAAla_2","","","ACIADrRNA5S_3","","small_indel","","249","2","TG","","2998701","2998702","2998701","1","2","AC","AB3_v2.2","2","","-1","SF1962_J5271","","","SUB"
"","","","","","","","","","1","ACIADrRNA5S_3/ACIADtRNAAla_2","intergenic (-119/+3399)","5S/tRNA-Ala","</<","","","ACIADrRNA5S_3","","ACIADrRNA5S_3/ACIADtRNAAla_2","","","ACIADrRNA5S_3","","small_indel","","248","2","TC","","2998704","2998705","2998704","1","2","AG","AB3_v2.2","2","","-1","SF1962_J5271","","","SUB"
"","","","","","","","","","1","ACIADrRNA5S_3/ACIADtRNAAla_2","intergenic (-122/+3396)","5S/tRNA-Ala","</<","","","ACIADrRNA5S_3","","ACIADrRNA5S_3/ACIADtRNAAla_2","","","ACIADrRNA5S_3","","small_indel","","250","2","AG","","2998707","2998708","2998707","0","2","TN","AB3_v2.2","2","","-1","SF1962_J5271","","","SUB"
"","","","","","","","","","1","ACIADrRNA5S_3/ACIADtRNAAla_2","intergenic (-125/+3394)","5S/tRNA-Ala","</<","","","ACIADrRNA5S_3","","ACIADrRNA5S_3/ACIADtRNAAla_2","","","ACIADrRNA5S_3","","snp_intergenic","","125","1","C","","2998710","2998710","2998710","0","1","A","AB3_v2.2","","intergenic","-1","SF1962_J5271","","","SNP"
