"Name","Gene","Nt_pos","Nt_original","Nt_mutation","Nt_OtoM","Nt_mut_name","Codon_original","Codon_mutation","Codon_OtoM","AA_pos","AA_original","AA_mutation","AA_OtoM","AA_mut_name","Frequency","Product","Locus","Genome_pos","Genome_start","Genome_end","Reference","Coverage_mut","Cvrg_mut_basis","Coverage_original","Cvrg_org_basis","Mutation_type","Mut_type_SNP","Mut_category","Mut_size"
"Sample 2","ACIAD_RS00275/ACIAD_RS16705","intergenic (+364/-381)","G","T","G -> T","ACIAD_RS00275/ACIAD_RS16705_Gintergenic (+364/-381)T","","",NA,NA,"","",NA,NA,1,"hypothetical protein/IS982 family transposase","ACIAD_RS00275/ACIAD_RS16705",57232,57232,57232,"ref_AB3_v2-2-0",196,1,0,1,"SNP","intergenic","snp_intergenic",NA
"Sample 2","ACIAD_RS00345","38","A","C","A -> C","ACIAD_RS00345_A38C","GAG","GCG","GAG -> GCG",13,"E","A","E -> A","ACIAD_RS00345_E13A",0.480117798,"glycosyltransferase family 2 protein","ACIAD_RS00345",70398,70398,70398,"ref_AB3_v2-2-0",98,1,105,1,"SNP","nonsynonymous","snp_nonsynonymous",NA
"Sample 2","ACIAD_RS00345","coding (356/928 nt)","T","T","T -> T","ACIAD_RS00345_Tcoding (356/928 nt)T","","",NA,NA,"","",NA,NA,1,"glycosyltransferase family 2 protein","ACIAD_RS00345",70716,70716,70716,"ref_AB3_v2-2-0",192,1,0,1,"INS","","small_indel",NA
"Sample 2","ACIAD_RS00345","coding (849/928 nt)","T","T","T -> T","ACIAD_RS00345_Tcoding (849/928 nt)T","","",NA,NA,"","",NA,NA,1,"glycosyltransferase family 2 protein","ACIAD_RS00345",71209,71209,71209,"ref_AB3_v2-2-0",188,1,2,1,"INS","","small_indel",NA
"Sample 2","ACIAD_RS00350","coding (61/1252 nt)","T","",NA,NA,"","",NA,NA,"","",NA,NA,1,"oligosaccharide flippase family protein","ACIAD_RS00350",71345,71345,71345,"ref_AB3_v2-2-0",214,1,1,1,"DEL","","small_indel",1
"Sample 2","ACIAD_RS00350","1030","T","G","T -> G","ACIAD_RS00350_T1030G","TAT","GAT","TAT -> GAT",344,"Y","D","Y -> D","ACIAD_RS00350_Y344D",0.059401989,"oligosaccharide flippase family protein","ACIAD_RS00350",72314,72314,72314,"ref_AB3_v2-2-0",17,1,192,1,"SNP","nonsynonymous","snp_nonsynonymous",NA
"Sample 2","ACIAD_RS00385","coding (214-216/970 nt)","TTT","",NA,NA,"","",NA,NA,"","",NA,NA,1,"EpsG family protein","ACIAD_RS00385",78360,78360,78362,"ref_AB3_v2-2-0",225,1,4,2,"DEL","","small_indel",3
"Sample 2","ACIAD_RS00385","coding (254/970 nt)","T","",NA,NA,"","",NA,NA,"","",NA,NA,1,"EpsG family protein","ACIAD_RS00385",78400,78400,78400,"ref_AB3_v2-2-0",219,1,2,1,"DEL","","small_indel",1
"Sample 2","ACIAD_RS00560","351","G","T","G -> T","ACIAD_RS00560_G351T","AAG","AAT","AAG -> AAT",117,"K","N","K -> N","ACIAD_RS00560_K117N",0.154465675,"molecular chaperone","ACIAD_RS00560",121330,121330,121330,"ref_AB3_v2-2-0",34,1,137,1,"SNP","nonsynonymous","snp_nonsynonymous",NA
"Sample 2","ACIAD_RS00560","396","G","T","G -> T","ACIAD_RS00560_G396T","TTG","TTT","TTG -> TTT",132,"L","F","L -> F","ACIAD_RS00560_L132F",0.0672698021,"molecular chaperone","ACIAD_RS00560",121375,121375,121375,"ref_AB3_v2-2-0",22,1,178,1,"SNP","nonsynonymous","snp_nonsynonymous",NA
"Sample 2","ACIAD_RS00790","129","T","A","T -> A","ACIAD_RS00790_T129A","ATT","ATA","ATT -> ATA",43,"I","I","I -> I","ACIAD_RS00790_I43I",1,"hypothetical protein","ACIAD_RS00790",172194,172194,172194,"ref_AB3_v2-2-0",267,1,0,1,"SNP","synonymous","snp_synonymous",NA
"Sample 2","ACIAD_RS00790","137","T","A","T -> A","ACIAD_RS00790_T137A","GTA","GAA","GTA -> GAA",46,"V","E","V -> E","ACIAD_RS00790_V46E",1,"hypothetical protein","ACIAD_RS00790",172202,172202,172202,"ref_AB3_v2-2-0",256,1,0,1,"SNP","nonsynonymous","snp_nonsynonymous",NA
"Sample 2","ACIAD_RS00855","1068","T","G","T -> G","ACIAD_RS00855_T1068G","CTT","CTG","CTT -> CTG",356,"L","L","L -> L","ACIAD_RS00855_L356L",0.0639514923,"F0F1 ATP synthase subunit alpha","ACIAD_RS00855",182103,182103,182103,"ref_AB3_v2-2-0",13,1,187,1,"SNP","synonymous","snp_synonymous",NA
"Sample 2","ACIAD_RS00855","coding (1073/1545 nt)","C","C","C -> C","ACIAD_RS00855_Ccoding (1073/1545 nt)C","","",NA,NA,"","",NA,NA,0.0670099258,"F0F1 ATP synthase subunit alpha","ACIAD_RS00855",182108,182108,182108,"ref_AB3_v2-2-0",13,1,181,1,"INS","","small_indel",NA
"Sample 2","ACIAD_RS00855","1075","T","A","T -> A","ACIAD_RS00855_T1075A","TCA","ACA","TCA -> ACA",359,"S","T","S -> T","ACIAD_RS00855_S359T",0.0663514137,"F0F1 ATP synthase subunit alpha","ACIAD_RS00855",182110,182110,182110,"ref_AB3_v2-2-0",14,1,180,1,"SNP","nonsynonymous","snp_nonsynonymous",NA
"Sample 2","ACIAD_RS00855","coding (1077/1545 nt)","A","",NA,NA,"","",NA,NA,"","",NA,NA,0.0669965744,"F0F1 ATP synthase subunit alpha","ACIAD_RS00855",182112,182112,182112,"ref_AB3_v2-2-0",13,1,180,1,"DEL","","small_indel",1
"Sample 2","ACIAD_RS00855","1078","T","C","T -> C","ACIAD_RS00855_T1078C","TTG","CTG","TTG -> CTG",360,"L","L","L -> L","ACIAD_RS00855_L360L",0.0674157143,"F0F1 ATP synthase subunit alpha","ACIAD_RS00855",182113,182113,182113,"ref_AB3_v2-2-0",13,1,179,1,"SNP","synonymous","snp_synonymous",NA
"Sample 2","ACIAD_RS00855","1089","G","C","G -> C","ACIAD_RS00855_G1089C","GCG","GCC","GCG -> GCC",363,"A","A","A -> A","ACIAD_RS00855_A363A",0.0738325119,"F0F1 ATP synthase subunit alpha","ACIAD_RS00855",182124,182124,182124,"ref_AB3_v2-2-0",15,1,186,1,"SNP","synonymous","snp_synonymous",NA
"Sample 2","ACIAD_RS00855","1104","T","G","T -> G","ACIAD_RS00855_T1104G","GCT","GCG","GCT -> GCG",368,"A","A","A -> A","ACIAD_RS00855_A368A",0.0770635605,"F0F1 ATP synthase subunit alpha","ACIAD_RS00855",182139,182139,182139,"ref_AB3_v2-2-0",17,1,203,1,"SNP","synonymous","snp_synonymous",NA
"Sample 2","ACIAD_RS00855","1107","G","T","G -> T","ACIAD_RS00855_G1107T","GTG","GTT","GTG -> GTT",369,"V","V","V -> V","ACIAD_RS00855_V369V",0.0718126297,"F0F1 ATP synthase subunit alpha","ACIAD_RS00855",182142,182142,182142,"ref_AB3_v2-2-0",17,1,219,1,"SNP","synonymous","snp_synonymous",NA
"Sample 2","ACIAD_RS00855","1111","G","C","G -> C","ACIAD_RS00855_G1111C","GCG","CCG","GCG -> CCG",371,"A","P","A -> P","ACIAD_RS00855_A371P",0.0754718781,"F0F1 ATP synthase subunit alpha","ACIAD_RS00855",182146,182146,182146,"ref_AB3_v2-2-0",17,1,207,1,"SNP","nonsynonymous","snp_nonsynonymous",NA
"Sample 2","ACIAD_RS00855","1122","G","C","G -> C","ACIAD_RS00855_G1122C","TCG","TCC","TCG -> TCC",374,"S","S","S -> S","ACIAD_RS00855_S374S",0.0906085968,"F0F1 ATP synthase subunit alpha","ACIAD_RS00855",182157,182157,182157,"ref_AB3_v2-2-0",23,1,230,1,"SNP","synonymous","snp_synonymous",NA
"Sample 2","ACIAD_RS00855","1128","G","C","G -> C","ACIAD_RS00855_G1128C","TCG","TCC","TCG -> TCC",376,"S","S","S -> S","ACIAD_RS00855_S376S",0.0995769501,"F0F1 ATP synthase subunit alpha","ACIAD_RS00855",182163,182163,182163,"ref_AB3_v2-2-0",24,1,215,1,"SNP","synonymous","snp_synonymous",NA
"Sample 2","ACIAD_RS00855","1141","T","G","T -> G","ACIAD_RS00855_T1141G","TCA","GCA","TCA -> GCA",381,"S","A","S -> A","ACIAD_RS00855_S381A",0.105334282,"F0F1 ATP synthase subunit alpha","ACIAD_RS00855",182176,182176,182176,"ref_AB3_v2-2-0",28,1,238,1,"SNP","nonsynonymous","snp_nonsynonymous",NA
"Sample 2","ACIAD_RS00855","1146","T","A","T -> A","ACIAD_RS00855_T1146A","GCT","GCA","GCT -> GCA",382,"A","A","A -> A","ACIAD_RS00855_A382A",0.0905838013,"F0F1 ATP synthase subunit alpha","ACIAD_RS00855",182181,182181,182181,"ref_AB3_v2-2-0",24,1,241,1,"SNP","synonymous","snp_synonymous",NA
"Sample 2","ACIAD_RS00855","1149","A","G","A -> G","ACIAD_RS00855_A1149G","CAA","CAG","CAA -> CAG",383,"Q","Q","Q -> Q","ACIAD_RS00855_Q383Q",0.0912137032,"F0F1 ATP synthase subunit alpha","ACIAD_RS00855",182184,182184,182184,"ref_AB3_v2-2-0",24,1,239,1,"SNP","synonymous","snp_synonymous",NA
"Sample 2","ACIAD_RS00855","1161","C","G","C -> G","ACIAD_RS00855_C1161G","ATC","ATG","ATC -> ATG",387,"I","M","I -> M","ACIAD_RS00855_I387M",0.0959954262,"F0F1 ATP synthase subunit alpha","ACIAD_RS00855",182196,182196,182196,"ref_AB3_v2-2-0",24,1,226,1,"SNP","nonsynonymous","snp_nonsynonymous",NA
"Sample 2","ACIAD_RS00855","1167","G","A","G -> A","ACIAD_RS00855_G1167A","AAG","AAA","AAG -> AAA",389,"K","K","K -> K","ACIAD_RS00855_K389K",0.09811306,"F0F1 ATP synthase subunit alpha","ACIAD_RS00855",182202,182202,182202,"ref_AB3_v2-2-0",24,1,220,1,"SNP","synonymous","snp_synonymous",NA
"Sample 2","ACIAD_RS00855","1168","T","C","T -> C","ACIAD_RS00855_T1168C","TTG","CTG","TTG -> CTG",390,"L","L","L -> L","ACIAD_RS00855_L390L",0.0965638161,"F0F1 ATP synthase subunit alpha","ACIAD_RS00855",182203,182203,182203,"ref_AB3_v2-2-0",24,1,223,1,"SNP","synonymous","snp_synonymous",NA
"Sample 2","ACIAD_RS00855","1173","T","C","T -> C","ACIAD_RS00855_T1173C","TCT","TCC","TCT -> TCC",391,"S","S","S -> S","ACIAD_RS00855_S391S",0.0990028381,"F0F1 ATP synthase subunit alpha","ACIAD_RS00855",182208,182208,182208,"ref_AB3_v2-2-0",24,1,217,1,"SNP","synonymous","snp_synonymous",NA
"Sample 2","ACIAD_RS00855","1194","T","G","T -> G","ACIAD_RS00855_T1194G","CTT","CTG","CTT -> CTG",398,"L","L","L -> L","ACIAD_RS00855_L398L",0.0631966591,"F0F1 ATP synthase subunit alpha","ACIAD_RS00855",182229,182229,182229,"ref_AB3_v2-2-0",15,1,222,1,"SNP","synonymous","snp_synonymous",NA
"Sample 2","ACIAD_RS00855","1197","G","A","G -> A","ACIAD_RS00855_G1197A","GCG","GCA","GCG -> GCA",399,"A","A","A -> A","ACIAD_RS00855_A399A",0.0668749809,"F0F1 ATP synthase subunit alpha","ACIAD_RS00855",182232,182232,182232,"ref_AB3_v2-2-0",15,1,209,1,"SNP","synonymous","snp_synonymous",NA
"Sample 2","ACIAD_RS00855","1200","A","G","A -> G","ACIAD_RS00855_A1200G","CAA","CAG","CAA -> CAG",400,"Q","Q","Q -> Q","ACIAD_RS00855_Q400Q",0.0629673004,"F0F1 ATP synthase subunit alpha","ACIAD_RS00855",182235,182235,182235,"ref_AB3_v2-2-0",15,1,221,1,"SNP","synonymous","snp_synonymous",NA
"Sample 2","ACIAD_RS00855","1203","C","T","C -> T","ACIAD_RS00855_C1203T","TAC","TAT","TAC -> TAT",401,"Y","Y","Y -> Y","ACIAD_RS00855_Y401Y",0.0657143593,"F0F1 ATP synthase subunit alpha","ACIAD_RS00855",182238,182238,182238,"ref_AB3_v2-2-0",15,1,213,1,"SNP","synonymous","snp_synonymous",NA
"Sample 2","ACIAD_RS00855","1210","T","C","T -> C","ACIAD_RS00855_T1210C","TTG","CTG","TTG -> CTG",404,"L","L","L -> L","ACIAD_RS00855_L404L",0.0690631866,"F0F1 ATP synthase subunit alpha","ACIAD_RS00855",182245,182245,182245,"ref_AB3_v2-2-0",15,1,202,1,"SNP","synonymous","snp_synonymous",NA
"Sample 2","ACIAD_RS00855","1215","T","A","T -> A","ACIAD_RS00855_T1215A","GCT","GCA","GCT -> GCA",405,"A","A","A -> A","ACIAD_RS00855_A405A",0.07203722,"F0F1 ATP synthase subunit alpha","ACIAD_RS00855",182250,182250,182250,"ref_AB3_v2-2-0",16,1,206,1,"SNP","synonymous","snp_synonymous",NA
"Sample 2","ACIAD_RS00855","1221","T","C","T -> C","ACIAD_RS00855_T1221C","TTT","TTC","TTT -> TTC",407,"F","F","F -> F","ACIAD_RS00855_F407F",0.0611000061,"F0F1 ATP synthase subunit alpha","ACIAD_RS00855",182256,182256,182256,"ref_AB3_v2-2-0",14,1,215,1,"SNP","synonymous","snp_synonymous",NA
"Sample 2","ACIAD_RS00855","1222","G","T","G -> T","ACIAD_RS00855_G1222T","GCT","TCT","GCT -> TCT",408,"A","S","A -> S","ACIAD_RS00855_A408S",0.059940815,"F0F1 ATP synthase subunit alpha","ACIAD_RS00855",182257,182257,182257,"ref_AB3_v2-2-0",14,1,219,1,"SNP","nonsynonymous","snp_nonsynonymous",NA
"Sample 2","rplL","coding (131-133/366 nt)","CTG","",NA,NA,"","",NA,NA,"","",NA,NA,0.052373581,"50S ribosomal protein L7/L12","ACIAD_RS01455",301596,301596,301598,"ref_AB3_v2-2-0",7,1,268,2,"DEL","","small_indel",3
"Sample 2","rpoB","3777","A","G","A -> G","rpoB_A3777G","AAA","AAG","AAA -> AAG",1259,"K","K","K -> K","rpoB_K1259K",0.0514159203,"DNA-directed RNA polymerase subunit beta","ACIAD_RS01460",305916,305916,305916,"ref_AB3_v2-2-0",11,1,202,1,"SNP","synonymous","snp_synonymous",NA
"Sample 2","rpoB","3783","T","C","T -> C","rpoB_T3783C","CAT","CAC","CAT -> CAC",1261,"H","H","H -> H","rpoB_H1261H",0.0520944595,"DNA-directed RNA polymerase subunit beta","ACIAD_RS01460",305922,305922,305922,"ref_AB3_v2-2-0",11,1,200,1,"SNP","synonymous","snp_synonymous",NA
"Sample 2","rpoB","3792","A","C","A -> C","rpoB_A3792C","TCA","TCC","TCA -> TCC",1264,"S","S","S -> S","rpoB_S1264S",0.0599765778,"DNA-directed RNA polymerase subunit beta","ACIAD_RS01460",305931,305931,305931,"ref_AB3_v2-2-0",13,1,204,1,"SNP","synonymous","snp_synonymous",NA
"Sample 2","rpoB","3795","A","C","A -> C","rpoB_A3795C","ACA","ACC","ACA -> ACC",1265,"T","T","T -> T","rpoB_T1265T",0.0600214005,"DNA-directed RNA polymerase subunit beta","ACIAD_RS01460",305934,305934,305934,"ref_AB3_v2-2-0",13,1,204,1,"SNP","synonymous","snp_synonymous",NA
"Sample 2","rpoB","3805","T","A","T -> A","rpoB_T3805A","TCA","ACA","TCA -> ACA",1269,"S","T","S -> T","rpoB_S1269T",0.0616850853,"DNA-directed RNA polymerase subunit beta","ACIAD_RS01460",305944,305944,305944,"ref_AB3_v2-2-0",14,1,205,1,"SNP","nonsynonymous","snp_nonsynonymous",NA
"Sample 2","rpoB","3806","C","G","C -> G","rpoB_C3806G","TCA","TGA","TCA -> TGA",1269,"S","*","S -> *","rpoB_S1269*",0.0601959229,"DNA-directed RNA polymerase subunit beta","ACIAD_RS01460",305945,305945,305945,"ref_AB3_v2-2-0",13,1,203,1,"SNP","nonsense","snp_nonsense",NA
"Sample 2","rpoB","3807","A","C","A -> C","rpoB_A3807C","TCA","TCC","TCA -> TCC",1269,"S","S","S -> S","rpoB_S1269S",0.0623383522,"DNA-directed RNA polymerase subunit beta","ACIAD_RS01460",305946,305946,305946,"ref_AB3_v2-2-0",14,1,206,1,"SNP","synonymous","snp_synonymous",NA
"Sample 2","rpoB","3810","T","G","T -> G","rpoB_T3810G","CTT","CTG","CTT -> CTG",1270,"L","L","L -> L","rpoB_L1270L",0.0556402206,"DNA-directed RNA polymerase subunit beta","ACIAD_RS01460",305949,305949,305949,"ref_AB3_v2-2-0",13,1,221,1,"SNP","synonymous","snp_synonymous",NA
"Sample 2","rpoB","3816","A","T","A -> T","rpoB_A3816T","ACA","ACT","ACA -> ACT",1272,"T","T","T -> T","rpoB_T1272T",0.0595145226,"DNA-directed RNA polymerase subunit beta","ACIAD_RS01460",305955,305955,305955,"ref_AB3_v2-2-0",14,1,213,1,"SNP","synonymous","snp_synonymous",NA
"Sample 2","rpoB","3828","T","G","T -> G","rpoB_T3828G","CTT","CTG","CTT -> CTG",1276,"L","L","L -> L","rpoB_L1276L",0.0705633163,"DNA-directed RNA polymerase subunit beta","ACIAD_RS01460",305967,305967,305967,"ref_AB3_v2-2-0",15,1,198,1,"SNP","synonymous","snp_synonymous",NA
"Sample 2","rpoB","3837","A","G","A -> G","rpoB_A3837G","AAA","AAG","AAA -> AAG",1279,"K","K","K -> K","rpoB_K1279K",0.0681128502,"DNA-directed RNA polymerase subunit beta","ACIAD_RS01460",305976,305976,305976,"ref_AB3_v2-2-0",16,1,217,1,"SNP","synonymous","snp_synonymous",NA
"Sample 2","rpoB","3843","A","G","A -> G","rpoB_A3843G","CAA","CAG","CAA -> CAG",1281,"Q","Q","Q -> Q","rpoB_Q1281Q",0.0652475357,"DNA-directed RNA polymerase subunit beta","ACIAD_RS01460",305982,305982,305982,"ref_AB3_v2-2-0",15,1,215,1,"SNP","synonymous","snp_synonymous",NA
"Sample 2","rpoB","3864","T","G","T -> G","rpoB_T3864G","GGT","GGG","GGT -> GGG",1288,"G","G","G -> G","rpoB_G1288G",0.0563249588,"DNA-directed RNA polymerase subunit beta","ACIAD_RS01460",306003,306003,306003,"ref_AB3_v2-2-0",14,1,233,1,"SNP","synonymous","snp_synonymous",NA
"Sample 2","rpoB","3876","C","G","C -> G","rpoB_C3876G","GTC","GTG","GTC -> GTG",1292,"V","V","V -> V","rpoB_V1292V",0.0501804352,"DNA-directed RNA polymerase subunit beta","ACIAD_RS01460",306015,306015,306015,"ref_AB3_v2-2-0",13,1,246,1,"SNP","synonymous","snp_synonymous",NA
"Sample 2","rpoB","3882","A","G","A -> G","rpoB_A3882G","GCA","GCG","GCA -> GCG",1294,"A","A","A -> A","rpoB_A1294A",0.051803112,"DNA-directed RNA polymerase subunit beta","ACIAD_RS01460",306021,306021,306021,"ref_AB3_v2-2-0",13,1,237,1,"SNP","synonymous","snp_synonymous",NA
"Sample 2","ACIAD_RS01485/ACIAD_RS01490","intergenic (+248/-32)","TT","",NA,NA,"","",NA,NA,"","",NA,NA,1,"Na+/H+ antiporter family protein/outer membrane beta-barrel protein","ACIAD_RS01485/ACIAD_RS01490",314424,314424,314425,"ref_AB3_v2-2-0",369,2,1,2,"DEL","","small_indel",2
"Sample 2","hcaR/ACIAD_RS02065","intergenic (-249/-105)","C","A","C -> A","hcaR/ACIAD_RS02065_Cintergenic (-249/-105)A","","",NA,NA,"","",NA,NA,1,"DNA-binding transcriptional regulator HcaR/cation diffusion facilitator family transporter","ACIAD_RS02060/ACIAD_RS02065",443612,443612,443612,"ref_AB3_v2-2-0",195,1,0,1,"SNP","intergenic","snp_intergenic",NA
"Sample 2","ACIAD_RS02460/ACIAD_RS02465","intergenic (-1175/-314)","T","",NA,NA,"","",NA,NA,"","",NA,NA,1,"acetate kinase/phosphogluconate dehydratase","ACIAD_RS02460/ACIAD_RS02465",530549,530549,530549,"ref_AB3_v2-2-0",164,1,2,1,"DEL","","small_indel",1
"Sample 2","bamB","751","C","A","C -> A","bamB_C751A","CTG","ATG","CTG -> ATG",251,"L","M","L -> M","bamB_L251M",0.13004303,"outer membrane protein assembly factor BamB","ACIAD_RS02565",554396,554396,554396,"ref_AB3_v2-2-0",35,1,147,1,"SNP","nonsynonymous","snp_nonsynonymous",NA
"Sample 2","ACIAD_RS00070; ACIAD_RS01015; ACIAD_RS03015; ACIAD_RS07625; ACIAD_RS13640; ACIAD_RS14245; ACIAD_RS16495/ACIAD_RS00075; ACIAD_RS00080; ACIAD_RS01020; ACIAD_RS01025; ACIAD_RS03020; ACIAD_RS03025; ACIAD_RS07630; ACIAD_RS07635; ACIAD_RS13630; ACIAD_RS13635; ACIAD_RS14235; ACIAD_RS14240; ACIAD_RS16485; ACIAD_RS16490","intergenic (-1812/+187)","C","T","C -> T","ACIAD_RS00070; ACIAD_RS01015; ACIAD_RS03015; ACIAD_RS07625; ACIAD_RS13640; ACIAD_RS14245; ACIAD_RS16495/ACIAD_RS00075; ACIAD_RS00080; ACIAD_RS01020; ACIAD_RS01025; ACIAD_RS03020; ACIAD_RS03025; ACIAD_RS07630; ACIAD_RS07635; ACIAD_RS13630; ACIAD_RS13635; ACIAD_RS14235; ACIAD_RS14240; ACIAD_RS16485; ACIAD_RS16490_Cintergenic (-1812/+187)T","","",NA,NA,"","",NA,NA,0.227609634,"16S ribosomal RNA/tRNA-Ala; tRNA-Ile","ACIAD_RS00070; ACIAD_RS01015; ACIAD_RS03015; ACIAD_RS07625; ACIAD_RS13640; ACIAD_RS14245; ACIAD_RS16495/ACIAD_RS00075; ACIAD_RS00080; ACIAD_RS01020; ACIAD_RS01025; ACIAD_RS03020; ACIAD_RS03025; ACIAD_RS07630; ACIAD_RS07635; ACIAD_RS13630; ACIAD_RS13635; ACIAD_RS14235; ACIAD_RS14240; ACIAD_RS16485; ACIAD_RS16490",646026,646026,646026,"ref_AB3_v2-2-0",101,1,344,1,"SNP","intergenic","snp_intergenic",NA
"Sample 2","ACIAD_RS00085; ACIAD_RS01030; ACIAD_RS03030; ACIAD_RS07640; ACIAD_RS13625; ACIAD_RS14230; ACIAD_RS16480","noncoding (2596/3385 nt)","A","T","A -> T","ACIAD_RS00085; ACIAD_RS01030; ACIAD_RS03030; ACIAD_RS07640; ACIAD_RS13625; ACIAD_RS14230; ACIAD_RS16480_Anoncoding (2596/3385 nt)T","","",NA,NA,"","",NA,NA,0.0979099274,"23S ribosomal RNA","ACIAD_RS00085; ACIAD_RS01030; ACIAD_RS03030; ACIAD_RS07640; ACIAD_RS13625; ACIAD_RS14230; ACIAD_RS16480",648809,648809,648809,"ref_AB3_v2-2-0",9,1,83,1,"SNP","noncoding","snp_noncoding",NA
"Sample 2","ACIAD_RS00085; ACIAD_RS01030; ACIAD_RS03030; ACIAD_RS07640; ACIAD_RS13625; ACIAD_RS14230; ACIAD_RS16480","noncoding (2602/3385 nt)","A","",NA,NA,"","",NA,NA,"","",NA,NA,0.0957322121,"23S ribosomal RNA","ACIAD_RS00085; ACIAD_RS01030; ACIAD_RS03030; ACIAD_RS07640; ACIAD_RS13625; ACIAD_RS14230; ACIAD_RS16480",648815,648815,648815,"ref_AB3_v2-2-0",9,1,84,1,"DEL","","small_indel",1
"Sample 2","ACIAD_RS00085; ACIAD_RS01030; ACIAD_RS03030; ACIAD_RS07640; ACIAD_RS13625; ACIAD_RS14230; ACIAD_RS16480","noncoding (2604/3385 nt)","G","T","G -> T","ACIAD_RS00085; ACIAD_RS01030; ACIAD_RS03030; ACIAD_RS07640; ACIAD_RS13625; ACIAD_RS14230; ACIAD_RS16480_Gnoncoding (2604/3385 nt)T","","",NA,NA,"","",NA,NA,0.0937490463,"23S ribosomal RNA","ACIAD_RS00085; ACIAD_RS01030; ACIAD_RS03030; ACIAD_RS07640; ACIAD_RS13625; ACIAD_RS14230; ACIAD_RS16480",648817,648817,648817,"ref_AB3_v2-2-0",9,1,87,1,"INS","","small_indel",NA
"Sample 2","ACIAD_RS00085; ACIAD_RS01030; ACIAD_RS03030; ACIAD_RS07640; ACIAD_RS13625; ACIAD_RS14230; ACIAD_RS16480","noncoding (2614/3385 nt)","T","C","T -> C","ACIAD_RS00085; ACIAD_RS01030; ACIAD_RS03030; ACIAD_RS07640; ACIAD_RS13625; ACIAD_RS14230; ACIAD_RS16480_Tnoncoding (2614/3385 nt)C","","",NA,NA,"","",NA,NA,0.120370388,"23S ribosomal RNA","ACIAD_RS00085; ACIAD_RS01030; ACIAD_RS03030; ACIAD_RS07640; ACIAD_RS13625; ACIAD_RS14230; ACIAD_RS16480",648827,648827,648827,"ref_AB3_v2-2-0",13,1,95,1,"INS","","small_indel",NA
"Sample 2","ACIAD_RS00085; ACIAD_RS01030; ACIAD_RS03030; ACIAD_RS07640; ACIAD_RS13625; ACIAD_RS14230; ACIAD_RS16480","noncoding (2616/3385 nt)","C","G","C -> G","ACIAD_RS00085; ACIAD_RS01030; ACIAD_RS03030; ACIAD_RS07640; ACIAD_RS13625; ACIAD_RS14230; ACIAD_RS16480_Cnoncoding (2616/3385 nt)G","","",NA,NA,"","",NA,NA,0.116085529,"23S ribosomal RNA","ACIAD_RS00085; ACIAD_RS01030; ACIAD_RS03030; ACIAD_RS07640; ACIAD_RS13625; ACIAD_RS14230; ACIAD_RS16480",648829,648829,648829,"ref_AB3_v2-2-0",13,1,99,1,"SNP","noncoding","snp_noncoding",NA
"Sample 2","ACIAD_RS00085; ACIAD_RS01030; ACIAD_RS03030; ACIAD_RS07640; ACIAD_RS13625; ACIAD_RS14230; ACIAD_RS16480","noncoding (2620/3385 nt)","T","",NA,NA,"","",NA,NA,"","",NA,NA,0.113030434,"23S ribosomal RNA","ACIAD_RS00085; ACIAD_RS01030; ACIAD_RS03030; ACIAD_RS07640; ACIAD_RS13625; ACIAD_RS14230; ACIAD_RS16480",648833,648833,648833,"ref_AB3_v2-2-0",13,1,101,1,"DEL","","small_indel",1
"Sample 2","ACIAD_RS00085; ACIAD_RS01030; ACIAD_RS03030; ACIAD_RS07640; ACIAD_RS13625; ACIAD_RS14230; ACIAD_RS16480","noncoding (2627/3385 nt)","A","G","A -> G","ACIAD_RS00085; ACIAD_RS01030; ACIAD_RS03030; ACIAD_RS07640; ACIAD_RS13625; ACIAD_RS14230; ACIAD_RS16480_Anoncoding (2627/3385 nt)G","","",NA,NA,"","",NA,NA,0.117621899,"23S ribosomal RNA","ACIAD_RS00085; ACIAD_RS01030; ACIAD_RS03030; ACIAD_RS07640; ACIAD_RS13625; ACIAD_RS14230; ACIAD_RS16480",648840,648840,648840,"ref_AB3_v2-2-0",14,1,105,1,"SNP","noncoding","snp_noncoding",NA
"Sample 2","ACIAD_RS00085; ACIAD_RS01030; ACIAD_RS03030; ACIAD_RS07640; ACIAD_RS13625; ACIAD_RS14230; ACIAD_RS16480","noncoding (2628/3385 nt)","T","A","T -> A","ACIAD_RS00085; ACIAD_RS01030; ACIAD_RS03030; ACIAD_RS07640; ACIAD_RS13625; ACIAD_RS14230; ACIAD_RS16480_Tnoncoding (2628/3385 nt)A","","",NA,NA,"","",NA,NA,0.109476089,"23S ribosomal RNA","ACIAD_RS00085; ACIAD_RS01030; ACIAD_RS03030; ACIAD_RS07640; ACIAD_RS13625; ACIAD_RS14230; ACIAD_RS16480",648841,648841,648841,"ref_AB3_v2-2-0",14,1,109,1,"SNP","noncoding","snp_noncoding",NA
"Sample 2","ACIAD_RS00085; ACIAD_RS01030; ACIAD_RS03030; ACIAD_RS07640; ACIAD_RS13625; ACIAD_RS14230; ACIAD_RS16480","noncoding (2646/3385 nt)","G","T","G -> T","ACIAD_RS00085; ACIAD_RS01030; ACIAD_RS03030; ACIAD_RS07640; ACIAD_RS13625; ACIAD_RS14230; ACIAD_RS16480_Gnoncoding (2646/3385 nt)T","","",NA,NA,"","",NA,NA,0.089099884,"23S ribosomal RNA","ACIAD_RS00085; ACIAD_RS01030; ACIAD_RS03030; ACIAD_RS07640; ACIAD_RS13625; ACIAD_RS14230; ACIAD_RS16480",648859,648859,648859,"ref_AB3_v2-2-0",14,1,133,1,"SNP","noncoding","snp_noncoding",NA
"Sample 2","ACIAD_RS00085; ACIAD_RS01030; ACIAD_RS03030; ACIAD_RS07640; ACIAD_RS13625; ACIAD_RS14230; ACIAD_RS16480","noncoding (2647/3385 nt)","G","",NA,NA,"","",NA,NA,"","",NA,NA,0.0952301025,"23S ribosomal RNA","ACIAD_RS00085; ACIAD_RS01030; ACIAD_RS03030; ACIAD_RS07640; ACIAD_RS13625; ACIAD_RS14230; ACIAD_RS16480",648860,648860,648860,"ref_AB3_v2-2-0",14,1,133,1,"DEL","","small_indel",1
"Sample 2","ACIAD_RS00085; ACIAD_RS01030; ACIAD_RS03030; ACIAD_RS07640; ACIAD_RS13625; ACIAD_RS14230; ACIAD_RS16480","noncoding (2654/3385 nt)","T","T","T -> T","ACIAD_RS00085; ACIAD_RS01030; ACIAD_RS03030; ACIAD_RS07640; ACIAD_RS13625; ACIAD_RS14230; ACIAD_RS16480_Tnoncoding (2654/3385 nt)T","","",NA,NA,"","",NA,NA,0.087498188,"23S ribosomal RNA","ACIAD_RS00085; ACIAD_RS01030; ACIAD_RS03030; ACIAD_RS07640; ACIAD_RS13625; ACIAD_RS14230; ACIAD_RS16480",648867,648867,648867,"ref_AB3_v2-2-0",14,1,146,1,"INS","","small_indel",NA
"Sample 2","ACIAD_RS00085; ACIAD_RS01030; ACIAD_RS03030; ACIAD_RS07640; ACIAD_RS13625; ACIAD_RS14230; ACIAD_RS16480","noncoding (2657/3385 nt)","G","T","G -> T","ACIAD_RS00085; ACIAD_RS01030; ACIAD_RS03030; ACIAD_RS07640; ACIAD_RS13625; ACIAD_RS14230; ACIAD_RS16480_Gnoncoding (2657/3385 nt)T","","",NA,NA,"","",NA,NA,0.0890393257,"23S ribosomal RNA","ACIAD_RS00085; ACIAD_RS01030; ACIAD_RS03030; ACIAD_RS07640; ACIAD_RS13625; ACIAD_RS14230; ACIAD_RS16480",648870,648870,648870,"ref_AB3_v2-2-0",15,1,148,1,"SNP","noncoding","snp_noncoding",NA
"Sample 2","ACIAD_RS00085; ACIAD_RS01030; ACIAD_RS03030; ACIAD_RS07640; ACIAD_RS13625; ACIAD_RS14230; ACIAD_RS16480","noncoding (2666/3385 nt)","T","G","T -> G","ACIAD_RS00085; ACIAD_RS01030; ACIAD_RS03030; ACIAD_RS07640; ACIAD_RS13625; ACIAD_RS14230; ACIAD_RS16480_Tnoncoding (2666/3385 nt)G","","",NA,NA,"","",NA,NA,0.0703196526,"23S ribosomal RNA","ACIAD_RS00085; ACIAD_RS01030; ACIAD_RS03030; ACIAD_RS07640; ACIAD_RS13625; ACIAD_RS14230; ACIAD_RS16480",648879,648879,648879,"ref_AB3_v2-2-0",14,1,177,1,"SNP","noncoding","snp_noncoding",NA
"Sample 2","ACIAD_RS00085; ACIAD_RS01030; ACIAD_RS03030; ACIAD_RS07640; ACIAD_RS13625; ACIAD_RS14230; ACIAD_RS16480","noncoding (2667/3385 nt)","C","T","C -> T","ACIAD_RS00085; ACIAD_RS01030; ACIAD_RS03030; ACIAD_RS07640; ACIAD_RS13625; ACIAD_RS14230; ACIAD_RS16480_Cnoncoding (2667/3385 nt)T","","",NA,NA,"","",NA,NA,0.0736446381,"23S ribosomal RNA","ACIAD_RS00085; ACIAD_RS01030; ACIAD_RS03030; ACIAD_RS07640; ACIAD_RS13625; ACIAD_RS14230; ACIAD_RS16480",648880,648880,648880,"ref_AB3_v2-2-0",14,1,178,1,"SNP","noncoding","snp_noncoding",NA
"Sample 2","ACIAD_RS00085; ACIAD_RS01030; ACIAD_RS03030; ACIAD_RS07640; ACIAD_RS13625; ACIAD_RS14230; ACIAD_RS16480","noncoding (2668/3385 nt)","T","G","T -> G","ACIAD_RS00085; ACIAD_RS01030; ACIAD_RS03030; ACIAD_RS07640; ACIAD_RS13625; ACIAD_RS14230; ACIAD_RS16480_Tnoncoding (2668/3385 nt)G","","",NA,NA,"","",NA,NA,0.0713033676,"23S ribosomal RNA","ACIAD_RS00085; ACIAD_RS01030; ACIAD_RS03030; ACIAD_RS07640; ACIAD_RS13625; ACIAD_RS14230; ACIAD_RS16480",648881,648881,648881,"ref_AB3_v2-2-0",14,1,179,1,"SNP","noncoding","snp_noncoding",NA
"Sample 2","ACIAD_RS00085; ACIAD_RS01030; ACIAD_RS03030; ACIAD_RS07640; ACIAD_RS13625; ACIAD_RS14230; ACIAD_RS16480","noncoding (2670/3385 nt)","C","A","C -> A","ACIAD_RS00085; ACIAD_RS01030; ACIAD_RS03030; ACIAD_RS07640; ACIAD_RS13625; ACIAD_RS14230; ACIAD_RS16480_Cnoncoding (2670/3385 nt)A","","",NA,NA,"","",NA,NA,0.0707445145,"23S ribosomal RNA","ACIAD_RS00085; ACIAD_RS01030; ACIAD_RS03030; ACIAD_RS07640; ACIAD_RS13625; ACIAD_RS14230; ACIAD_RS16480",648883,648883,648883,"ref_AB3_v2-2-0",14,1,183,1,"SNP","noncoding","snp_noncoding",NA
"Sample 2","ACIAD_RS00085; ACIAD_RS01030; ACIAD_RS03030; ACIAD_RS07640; ACIAD_RS13625; ACIAD_RS14230; ACIAD_RS16480","noncoding (2684/3385 nt)","G","T","G -> T","ACIAD_RS00085; ACIAD_RS01030; ACIAD_RS03030; ACIAD_RS07640; ACIAD_RS13625; ACIAD_RS14230; ACIAD_RS16480_Gnoncoding (2684/3385 nt)T","","",NA,NA,"","",NA,NA,0.0642981529,"23S ribosomal RNA","ACIAD_RS00085; ACIAD_RS01030; ACIAD_RS03030; ACIAD_RS07640; ACIAD_RS13625; ACIAD_RS14230; ACIAD_RS16480",648897,648897,648897,"ref_AB3_v2-2-0",14,1,187,1,"SNP","noncoding","snp_noncoding",NA
"Sample 2","ACIAD_RS00085; ACIAD_RS01030; ACIAD_RS03030; ACIAD_RS07640; ACIAD_RS13625; ACIAD_RS14230; ACIAD_RS16480","noncoding (2685/3385 nt)","C","T","C -> T","ACIAD_RS00085; ACIAD_RS01030; ACIAD_RS03030; ACIAD_RS07640; ACIAD_RS13625; ACIAD_RS14230; ACIAD_RS16480_Cnoncoding (2685/3385 nt)T","","",NA,NA,"","",NA,NA,0.0645756721,"23S ribosomal RNA","ACIAD_RS00085; ACIAD_RS01030; ACIAD_RS03030; ACIAD_RS07640; ACIAD_RS13625; ACIAD_RS14230; ACIAD_RS16480",648898,648898,648898,"ref_AB3_v2-2-0",13,1,188,1,"SNP","noncoding","snp_noncoding",NA
"Sample 2","ACIAD_RS00085; ACIAD_RS01030; ACIAD_RS03030; ACIAD_RS07640; ACIAD_RS13625; ACIAD_RS14230; ACIAD_RS16480","noncoding (2687/3385 nt)","A","C","A -> C","ACIAD_RS00085; ACIAD_RS01030; ACIAD_RS03030; ACIAD_RS07640; ACIAD_RS13625; ACIAD_RS14230; ACIAD_RS16480_Anoncoding (2687/3385 nt)C","","",NA,NA,"","",NA,NA,0.0669326782,"23S ribosomal RNA","ACIAD_RS00085; ACIAD_RS01030; ACIAD_RS03030; ACIAD_RS07640; ACIAD_RS13625; ACIAD_RS14230; ACIAD_RS16480",648900,648900,648900,"ref_AB3_v2-2-0",13,1,181,1,"SNP","noncoding","snp_noncoding",NA
"Sample 2","ACIAD_RS00085; ACIAD_RS01030; ACIAD_RS03030; ACIAD_RS07640; ACIAD_RS13625; ACIAD_RS14230; ACIAD_RS16480","noncoding (2692/3385 nt)","C","A","C -> A","ACIAD_RS00085; ACIAD_RS01030; ACIAD_RS03030; ACIAD_RS07640; ACIAD_RS13625; ACIAD_RS14230; ACIAD_RS16480_Cnoncoding (2692/3385 nt)A","","",NA,NA,"","",NA,NA,0.0637469292,"23S ribosomal RNA","ACIAD_RS00085; ACIAD_RS01030; ACIAD_RS03030; ACIAD_RS07640; ACIAD_RS13625; ACIAD_RS14230; ACIAD_RS16480",648905,648905,648905,"ref_AB3_v2-2-0",12,1,175,1,"SNP","noncoding","snp_noncoding",NA
"Sample 2","ACIAD_RS00085; ACIAD_RS01030; ACIAD_RS03030; ACIAD_RS07640; ACIAD_RS13625; ACIAD_RS14230; ACIAD_RS16480","noncoding (2693/3385 nt)","A","G","A -> G","ACIAD_RS00085; ACIAD_RS01030; ACIAD_RS03030; ACIAD_RS07640; ACIAD_RS13625; ACIAD_RS14230; ACIAD_RS16480_Anoncoding (2693/3385 nt)G","","",NA,NA,"","",NA,NA,0.069483757,"23S ribosomal RNA","ACIAD_RS00085; ACIAD_RS01030; ACIAD_RS03030; ACIAD_RS07640; ACIAD_RS13625; ACIAD_RS14230; ACIAD_RS16480",648906,648906,648906,"ref_AB3_v2-2-0",13,1,174,1,"SNP","noncoding","snp_noncoding",NA
"Sample 2","ACIAD_RS03345","336","C","T","C -> T","ACIAD_RS03345_C336T","ATC","ATT","ATC -> ATT",112,"I","I","I -> I","ACIAD_RS03345_I112I",0.054751873,"NADH-quinone oxidoreductase subunit B","ACIAD_RS03345",713607,713607,713607,"ref_AB3_v2-2-0",14,1,241,1,"SNP","synonymous","snp_synonymous",NA
"Sample 2","ACIAD_RS03345","343","T","C","T -> C","ACIAD_RS03345_T343C","TTG","CTG","TTG -> CTG",115,"L","L","L -> L","ACIAD_RS03345_L115L",0.0579094887,"NADH-quinone oxidoreductase subunit B","ACIAD_RS03345",713614,713614,713614,"ref_AB3_v2-2-0",14,1,226,1,"SNP","synonymous","snp_synonymous",NA
"Sample 2","ACIAD_RS03345","348","C","T","C -> T","ACIAD_RS03345_C348T","TAC","TAT","TAC -> TAT",116,"Y","Y","Y -> Y","ACIAD_RS03345_Y116Y",0.0577936172,"NADH-quinone oxidoreductase subunit B","ACIAD_RS03345",713619,713619,713619,"ref_AB3_v2-2-0",14,1,227,1,"SNP","synonymous","snp_synonymous",NA
"Sample 2","ACIAD_RS03345","351","A","C","A -> C","ACIAD_RS03345_A351C","GAA","GAC","GAA -> GAC",117,"E","D","E -> D","ACIAD_RS03345_E117D",0.0613808632,"NADH-quinone oxidoreductase subunit B","ACIAD_RS03345",713622,713622,713622,"ref_AB3_v2-2-0",15,1,224,1,"SNP","nonsynonymous","snp_nonsynonymous",NA
"Sample 2","ACIAD_RS03345","354","A","G","A -> G","ACIAD_RS03345_A354G","CAA","CAG","CAA -> CAG",118,"Q","Q","Q -> Q","ACIAD_RS03345_Q118Q",0.062702179,"NADH-quinone oxidoreductase subunit B","ACIAD_RS03345",713625,713625,713625,"ref_AB3_v2-2-0",15,1,222,1,"SNP","synonymous","snp_synonymous",NA
"Sample 2","ACIAD_RS03345","360","T","G","T -> G","ACIAD_RS03345_T360G","CTT","CTG","CTT -> CTG",120,"L","L","L -> L","ACIAD_RS03345_L120L",0.0606765747,"NADH-quinone oxidoreductase subunit B","ACIAD_RS03345",713631,713631,713631,"ref_AB3_v2-2-0",14,1,217,1,"SNP","synonymous","snp_synonymous",NA
"Sample 2","ACIAD_RS03345","363","G","A","G -> A","ACIAD_RS03345_G363A","GAG","GAA","GAG -> GAA",121,"E","E","E -> E","ACIAD_RS03345_E121E",0.0598554611,"NADH-quinone oxidoreductase subunit B","ACIAD_RS03345",713634,713634,713634,"ref_AB3_v2-2-0",14,1,219,1,"SNP","synonymous","snp_synonymous",NA
"Sample 2","ACIAD_RS03345","366","G","A","G -> A","ACIAD_RS03345_G366A","CCG","CCA","CCG -> CCA",122,"P","P","P -> P","ACIAD_RS03345_P122P",0.0607256889,"NADH-quinone oxidoreductase subunit B","ACIAD_RS03345",713637,713637,713637,"ref_AB3_v2-2-0",14,1,216,1,"SNP","synonymous","snp_synonymous",NA
"Sample 2","ACIAD_RS03345","369","G","A","G -> A","ACIAD_RS03345_G369A","AAG","AAA","AAG -> AAA",123,"K","K","K -> K","ACIAD_RS03345_K123K",0.0599226952,"NADH-quinone oxidoreductase subunit B","ACIAD_RS03345",713640,713640,713640,"ref_AB3_v2-2-0",14,1,219,1,"SNP","synonymous","snp_synonymous",NA
"Sample 2","ACIAD_RS03345","378","T","C","T -> C","ACIAD_RS03345_T378C","ATT","ATC","ATT -> ATC",126,"I","I","I -> I","ACIAD_RS03345_I126I",0.0578165054,"NADH-quinone oxidoreductase subunit B","ACIAD_RS03345",713649,713649,713649,"ref_AB3_v2-2-0",14,1,228,1,"SNP","synonymous","snp_synonymous",NA
"Sample 2","ACIAD_RS03345","381","C","A","C -> A","ACIAD_RS03345_C381A","TCC","TCA","TCC -> TCA",127,"S","S","S -> S","ACIAD_RS03345_S127S",0.0615315437,"NADH-quinone oxidoreductase subunit B","ACIAD_RS03345",713652,713652,713652,"ref_AB3_v2-2-0",16,1,225,1,"SNP","synonymous","snp_synonymous",NA
"Sample 2","ACIAD_RS03345","390","A","C","A -> C","ACIAD_RS03345_A390C","GCA","GCC","GCA -> GCC",130,"A","A","A -> A","ACIAD_RS03345_A130A",0.0736970901,"NADH-quinone oxidoreductase subunit B","ACIAD_RS03345",713661,713661,713661,"ref_AB3_v2-2-0",18,1,222,1,"SNP","synonymous","snp_synonymous",NA
"Sample 2","ACIAD_RS03345","396","A","C","A -> C","ACIAD_RS03345_A396C","GCA","GCC","GCA -> GCC",132,"A","A","A -> A","ACIAD_RS03345_A132A",0.0837430954,"NADH-quinone oxidoreductase subunit B","ACIAD_RS03345",713667,713667,713667,"ref_AB3_v2-2-0",20,1,218,1,"SNP","synonymous","snp_synonymous",NA
"Sample 2","ACIAD_RS03345","402","A","T","A -> T","ACIAD_RS03345_A402T","TCA","TCT","TCA -> TCT",134,"S","S","S -> S","ACIAD_RS03345_S134S",0.0781254768,"NADH-quinone oxidoreductase subunit B","ACIAD_RS03345",713673,713673,713673,"ref_AB3_v2-2-0",19,1,221,1,"SNP","synonymous","snp_synonymous",NA
"Sample 2","ACIAD_RS03345","426","T","C","T -> C","ACIAD_RS03345_T426C","TCT","TCC","TCT -> TCC",142,"S","S","S -> S","ACIAD_RS03345_S142S",0.0611863136,"NADH-quinone oxidoreductase subunit B","ACIAD_RS03345",713697,713697,713697,"ref_AB3_v2-2-0",12,1,184,1,"SNP","synonymous","snp_synonymous",NA
"Sample 2","ACIAD_RS03345","429","C","T","C -> T","ACIAD_RS03345_C429T","GTC","GTT","GTC -> GTT",143,"V","V","V -> V","ACIAD_RS03345_V143V",0.0542216301,"NADH-quinone oxidoreductase subunit B","ACIAD_RS03345",713700,713700,713700,"ref_AB3_v2-2-0",12,1,209,1,"SNP","synonymous","snp_synonymous",NA
"Sample 2","ACIAD_RS03345","432","A","G","A -> G","ACIAD_RS03345_A432G","GTA","GTG","GTA -> GTG",144,"V","V","V -> V","ACIAD_RS03345_V144V",0.0531210899,"NADH-quinone oxidoreductase subunit B","ACIAD_RS03345",713703,713703,713703,"ref_AB3_v2-2-0",12,1,213,1,"SNP","synonymous","snp_synonymous",NA
"Sample 2","ACIAD_RS03345","438","T","C","T -> C","ACIAD_RS03345_T438C","GGT","GGC","GGT -> GGC",146,"G","G","G -> G","ACIAD_RS03345_G146G",0.060874939,"NADH-quinone oxidoreductase subunit B","ACIAD_RS03345",713709,713709,713709,"ref_AB3_v2-2-0",12,1,185,1,"SNP","synonymous","snp_synonymous",NA
"Sample 2","ACIAD_RS03345","441","T","C","T -> C","ACIAD_RS03345_T441C","GTT","GTC","GTT -> GTC",147,"V","V","V -> V","ACIAD_RS03345_V147V",0.0593700409,"NADH-quinone oxidoreductase subunit B","ACIAD_RS03345",713712,713712,713712,"ref_AB3_v2-2-0",12,1,190,1,"SNP","synonymous","snp_synonymous",NA
"Sample 2","ACIAD_RS03345","448","A","T","A -> T","ACIAD_RS03345_A448T","ATC","TTC","ATC -> TTC",150,"I","F","I -> F","ACIAD_RS03345_I150F",0.057179451,"NADH-quinone oxidoreductase subunit B","ACIAD_RS03345",713719,713719,713719,"ref_AB3_v2-2-0",12,1,198,1,"SNP","nonsynonymous","snp_nonsynonymous",NA
"Sample 2","ACIAD_RS03345","453","T","C","T -> C","ACIAD_RS03345_T453C","ATT","ATC","ATT -> ATC",151,"I","I","I -> I","ACIAD_RS03345_I151I",0.0548200607,"NADH-quinone oxidoreductase subunit B","ACIAD_RS03345",713724,713724,713724,"ref_AB3_v2-2-0",12,1,207,1,"SNP","synonymous","snp_synonymous",NA
"Sample 2","ACIAD_RS03345","456","T","G","T -> G","ACIAD_RS03345_T456G","CCT","CCG","CCT -> CCG",152,"P","P","P -> P","ACIAD_RS03345_P152P",0.0536203384,"NADH-quinone oxidoreductase subunit B","ACIAD_RS03345",713727,713727,713727,"ref_AB3_v2-2-0",12,1,212,1,"SNP","synonymous","snp_synonymous",NA
"Sample 2","tuf","381","T","C","T -> C","tuf_T381C","GGT","GGC","GGT -> GGC",127,"G","G","G -> G","tuf_G127G",0.285014153,"elongation factor Tu","ACIAD_RS04085",867122,867122,867122,"ref_AB3_v2-2-0",10,1,25,1,"SNP","synonymous","snp_synonymous",NA
"Sample 2","tuf","384","A","T","A -> T","tuf_A384T","GTA","GTT","GTA -> GTT",128,"V","V","V -> V","tuf_V128V",0.188466072,"elongation factor Tu","ACIAD_RS04085",867125,867125,867125,"ref_AB3_v2-2-0",10,1,43,1,"SNP","synonymous","snp_synonymous",NA
"Sample 2","tuf","387","T","G","T -> G","tuf_T387G","CCT","CCG","CCT -> CCG",129,"P","P","P -> P","tuf_P129P",0.161980152,"elongation factor Tu","ACIAD_RS04085",867128,867128,867128,"ref_AB3_v2-2-0",10,1,52,1,"SNP","synonymous","snp_synonymous",NA
"Sample 2","tuf","394","G","A","G -> A","tuf_G394A","GTT","ATT","GTT -> ATT",132,"V","I","V -> I","tuf_V132I",0.15144062,"elongation factor Tu","ACIAD_RS04085",867135,867135,867135,"ref_AB3_v2-2-0",10,1,56,1,"SNP","nonsynonymous","snp_nonsynonymous",NA
"Sample 2","tuf","396","T","C","T -> C","tuf_T396C","GTT","GTC","GTT -> GTC",132,"V","V","V -> V","tuf_V132V",0.138037205,"elongation factor Tu","ACIAD_RS04085",867137,867137,867137,"ref_AB3_v2-2-0",10,1,62,1,"SNP","synonymous","snp_synonymous",NA
"Sample 2","tuf","399","A","G","A -> G","tuf_A399G","GTA","GTG","GTA -> GTG",133,"V","V","V -> V","tuf_V133V",0.129843235,"elongation factor Tu","ACIAD_RS04085",867140,867140,867140,"ref_AB3_v2-2-0",10,1,67,1,"SNP","synonymous","snp_synonymous",NA
"Sample 2","tuf","403","T","C","T -> C","tuf_T403C","TTG","CTG","TTG -> CTG",135,"L","L","L -> L","tuf_L135L",0.123434544,"elongation factor Tu","ACIAD_RS04085",867144,867144,867144,"ref_AB3_v2-2-0",10,1,71,1,"SNP","synonymous","snp_synonymous",NA
"Sample 2","tuf","418","C","A","C -> A","tuf_C418A","CTT","ATT","CTT -> ATT",140,"L","I","L -> I","tuf_L140I",0.100258827,"elongation factor Tu","ACIAD_RS04085",867159,867159,867159,"ref_AB3_v2-2-0",10,1,86,1,"SNP","nonsynonymous","snp_nonsynonymous",NA
"Sample 2","tuf","420","T","G","T -> G","tuf_T420G","CTT","CTG","CTT -> CTG",140,"L","L","L -> L","tuf_L140L",0.100430489,"elongation factor Tu","ACIAD_RS04085",867161,867161,867161,"ref_AB3_v2-2-0",10,1,90,1,"SNP","synonymous","snp_synonymous",NA
"Sample 2","tuf","423","A","T","A -> T","tuf_A423T","GTA","GTT","GTA -> GTT",141,"V","V","V -> V","tuf_V141V",0.104430676,"elongation factor Tu","ACIAD_RS04085",867164,867164,867164,"ref_AB3_v2-2-0",11,1,92,1,"SNP","synonymous","snp_synonymous",NA
"Sample 2","tuf","426","C","T","C -> T","tuf_C426T","GAC","GAT","GAC -> GAT",142,"D","D","D -> D","tuf_D142D",0.0970087051,"elongation factor Tu","ACIAD_RS04085",867167,867167,867167,"ref_AB3_v2-2-0",10,1,93,1,"SNP","synonymous","snp_synonymous",NA
"Sample 2","tuf","438","T","G","T -> G","tuf_T438G","CTT","CTG","CTT -> CTG",146,"L","L","L -> L","tuf_L146L",0.088019371,"elongation factor Tu","ACIAD_RS04085",867179,867179,867179,"ref_AB3_v2-2-0",10,1,104,1,"SNP","synonymous","snp_synonymous",NA
"Sample 2","tuf","441","T","G","T -> G","tuf_T441G","CTT","CTG","CTT -> CTG",147,"L","L","L -> L","tuf_L147L",0.0933647156,"elongation factor Tu","ACIAD_RS04085",867182,867182,867182,"ref_AB3_v2-2-0",11,1,103,1,"SNP","synonymous","snp_synonymous",NA
"Sample 2","tuf","444","G","A","G -> A","tuf_G444A","GAG","GAA","GAG -> GAA",148,"E","E","E -> E","tuf_E148E",0.0786628723,"elongation factor Tu","ACIAD_RS04085",867185,867185,867185,"ref_AB3_v2-2-0",10,1,117,1,"SNP","synonymous","snp_synonymous",NA
"Sample 2","tuf","447","T","G","T -> G","tuf_T447G","CTT","CTG","CTT -> CTG",149,"L","L","L -> L","tuf_L149L",0.0789227486,"elongation factor Tu","ACIAD_RS04085",867188,867188,867188,"ref_AB3_v2-2-0",10,1,117,1,"SNP","synonymous","snp_synonymous",NA
"Sample 2","tuf","450","A","T","A -> T","tuf_A450T","GTA","GTT","GTA -> GTT",150,"V","V","V -> V","tuf_V150V",0.0775222778,"elongation factor Tu","ACIAD_RS04085",867191,867191,867191,"ref_AB3_v2-2-0",10,1,119,1,"SNP","synonymous","snp_synonymous",NA
"Sample 2","tuf","474","T","G","T -> G","tuf_T474G","CTT","CTG","CTT -> CTG",158,"L","L","L -> L","tuf_L158L",0.0788722038,"elongation factor Tu","ACIAD_RS04085",867215,867215,867215,"ref_AB3_v2-2-0",13,1,144,1,"SNP","synonymous","snp_synonymous",NA
"Sample 2","tuf","478","A","C","A -> C","tuf_A478C","ACT","CCT","ACT -> CCT",160,"T","P","T -> P","tuf_T160P",0.0713148117,"elongation factor Tu","ACIAD_RS04085",867219,867219,867219,"ref_AB3_v2-2-0",12,1,155,1,"SNP","nonsynonymous","snp_nonsynonymous",NA
"Sample 2","tuf","479","C","A","C -> A","tuf_C479A","ACT","AAT","ACT -> AAT",160,"T","N","T -> N","tuf_T160N",0.0686278343,"elongation factor Tu","ACIAD_RS04085",867220,867220,867220,"ref_AB3_v2-2-0",12,1,162,1,"SNP","nonsynonymous","snp_nonsynonymous",NA
"Sample 2","tuf","480","T","G","T -> G","tuf_T480G","ACT","ACG","ACT -> ACG",160,"T","T","T -> T","tuf_T160T",0.0686845779,"elongation factor Tu","ACIAD_RS04085",867221,867221,867221,"ref_AB3_v2-2-0",12,1,163,1,"SNP","synonymous","snp_synonymous",NA
"Sample 2","tuf","483","T","C","T -> C","tuf_T483C","TAT","TAC","TAT -> TAC",161,"Y","Y","Y -> Y","tuf_Y161Y",0.0675048828,"elongation factor Tu","ACIAD_RS04085",867224,867224,867224,"ref_AB3_v2-2-0",12,1,163,1,"SNP","synonymous","snp_synonymous",NA
"Sample 2","tuf","492","A","G","A -> G","tuf_A492G","CCA","CCG","CCA -> CCG",164,"P","P","P -> P","tuf_P164P",0.0670046806,"elongation factor Tu","ACIAD_RS04085",867233,867233,867233,"ref_AB3_v2-2-0",12,1,166,1,"SNP","synonymous","snp_synonymous",NA
"Sample 2","dut/ACIAD_RS04165","intergenic (+96/-96)","G","T","G -> T","dut/ACIAD_RS04165_Gintergenic (+96/-96)T","","",NA,NA,"","",NA,NA,1,"dUTP diphosphatase/phosphomannomutase/phosphoglucomutase","ACIAD_RS04160/ACIAD_RS04165",883807,883807,883807,"ref_AB3_v2-2-0",178,1,0,1,"SNP","intergenic","snp_intergenic",NA
"Sample 2","ACIAD_RS04320/ACIAD_RS04325","intergenic (+99/+249)","A","T","A -> T","ACIAD_RS04320/ACIAD_RS04325_Aintergenic (+99/+249)T","","",NA,NA,"","",NA,NA,1,"zf-HC2 domain-containing protein/DUF805 domain-containing protein","ACIAD_RS04320/ACIAD_RS04325",917591,917591,917591,"ref_AB3_v2-2-0",185,1,0,1,"SNP","intergenic","snp_intergenic",NA
"Sample 2","ACIAD_RS04400","coding (282/545 nt)","A","T","A -> T","ACIAD_RS04400_Acoding (282/545 nt)T","","",NA,NA,"","",NA,NA,1,"hypothetical protein","ACIAD_RS04400",941525,941525,941525,"ref_AB3_v2-2-0",174,1,1,1,"INS","","small_indel",NA
"Sample 2","ACIAD_RS04420","pseudogene (653/755 nt)","A","A","A -> A","ACIAD_RS04420_Apseudogene (653/755 nt)A","","",NA,NA,"","",NA,NA,0.921674728,"YrzE family protein","ACIAD_RS04420",942249,942249,942249,"ref_AB3_v2-2-0",152,1,13,1,"INS","","small_indel",NA
"Sample 2","ACIAD_RS04420","pseudogene (401/755 nt)","A","",NA,NA,"","",NA,NA,"","",NA,NA,1,"YrzE family protein","ACIAD_RS04420",942501,942501,942501,"ref_AB3_v2-2-0",173,1,1,1,"DEL","","small_indel",1
"Sample 2","lipA/ACIAD_RS04685","intergenic (-307/-42)","T","C","T -> C","lipA/ACIAD_RS04685_Tintergenic (-307/-42)C","","",NA,NA,"","",NA,NA,1,"lipoyl synthase/thiamine pyrophosphate-dependent dehydrogenase E1 component subunit alpha","ACIAD_RS04680/ACIAD_RS04685",1005366,1005366,1005366,"ref_AB3_v2-2-0",142,1,1,1,"SNP","intergenic","snp_intergenic",NA
"Sample 2","ACIAD_RS04740/pgaB","intergenic (+64/-314)","C","T","C -> T","ACIAD_RS04740/pgaB_Cintergenic (+64/-314)T","","",NA,NA,"","",NA,NA,1,"FKBP-type peptidyl-prolyl cis-trans isomerase/poly-beta-1,6-N-acetyl-D-glucosamine N-deacetylase PgaB","ACIAD_RS04740/ACIAD_RS04745",1017477,1017477,1017477,"ref_AB3_v2-2-0",157,1,0,1,"SNP","intergenic","snp_intergenic",NA
"Sample 2","ACIAD_RS04850/ACIAD_RS04855","intergenic (+243/-13)","A","",NA,NA,"","",NA,NA,"","",NA,NA,1,"TonB-dependent siderophore receptor/TonB-dependent receptor","ACIAD_RS04850/ACIAD_RS04855",1044947,1044947,1044947,"ref_AB3_v2-2-0",164,1,3,1,"DEL","","small_indel",1
"Sample 2","ACIAD_RS05085/gdhA","intergenic (-266/-28)","T","",NA,NA,"","",NA,NA,"","",NA,NA,1,"RnfABCDGE type electron transport complex subunit B/NADP-specific glutamate dehydrogenase","ACIAD_RS05085/ACIAD_RS05090",1094898,1094898,1094898,"ref_AB3_v2-2-0",187,1,5,1,"DEL","","small_indel",1
"Sample 2","ACIAD_RS05195","349","G","T","G -> T","ACIAD_RS05195_G349T","GCA","TCA","GCA -> TCA",117,"A","S","A -> S","ACIAD_RS05195_A117S",0.0720648766,"YraN family protein","ACIAD_RS05195",1117182,1117182,1117182,"ref_AB3_v2-2-0",18,1,143,1,"SNP","nonsynonymous","snp_nonsynonymous",NA
"Sample 2","ACIAD_RS05320; ACIAD_RS12690/ACIAD_RS05325","intergenic (+9670/-45324)","G","A","G -> A","ACIAD_RS05320; ACIAD_RS12690/ACIAD_RS05325_Gintergenic (+9670/-45324)A","","",NA,NA,"","",NA,NA,0.0576014519,"tRNA-Ser/efflux RND transporter periplasmic adaptor subunit","ACIAD_RS05320; ACIAD_RS12690/ACIAD_RS05325",1155094,1155094,1155094,"ref_AB3_v2-2-0",12,1,196,1,"SNP","intergenic","snp_intergenic",NA
"Sample 2","ACIAD_RS05320; ACIAD_RS12690/ACIAD_RS05325","intergenic (+9804/-45190)","G","A","G -> A","ACIAD_RS05320; ACIAD_RS12690/ACIAD_RS05325_Gintergenic (+9804/-45190)A","","",NA,NA,"","",NA,NA,0.365416527,"tRNA-Ser/efflux RND transporter periplasmic adaptor subunit","ACIAD_RS05320; ACIAD_RS12690/ACIAD_RS05325",1155228,1155228,1155228,"ref_AB3_v2-2-0",119,1,206,1,"SNP","intergenic","snp_intergenic",NA
"Sample 2","ACIAD_RS05850/ACIAD_RS05855","intergenic (+77/-71)","A","A","A -> A","ACIAD_RS05850/ACIAD_RS05855_Aintergenic (+77/-71)A","","",NA,NA,"","",NA,NA,1,"dihydroorotase/hypothetical protein","ACIAD_RS05850/ACIAD_RS05855",1323444,1323444,1323444,"ref_AB3_v2-2-0",180,1,8,1,"INS","","small_indel",NA
"Sample 2","ACIAD_RS06030","coding (113-133/234 nt)","21-bp","",NA,NA,"","",NA,NA,"","",NA,NA,0.218018673,"cold-shock protein","ACIAD_RS06030",1363569,1363569,1363589,"ref_AB3_v2-2-0",31,1,263,2,"DEL","","small_indel",21
"Sample 2","ACIAD_RS06295/argF","intergenic (-23/+128)","G","T","G -> T","ACIAD_RS06295/argF_Gintergenic (-23/+128)T","","",NA,NA,"","",NA,NA,1,"alpha/beta hydrolase/ornithine carbamoyltransferase","ACIAD_RS06295/ACIAD_RS06300",1412110,1412110,1412110,"ref_AB3_v2-2-0",226,1,1,1,"SNP","intergenic","snp_intergenic",NA
"Sample 2","ACIAD_RS00655; ACIAD_RS00660; ACIAD_RS06830","noncoding (42/76 nt)","A","G","A -> G","ACIAD_RS00655; ACIAD_RS00660; ACIAD_RS06830_Anoncoding (42/76 nt)G","","",NA,NA,"","",NA,NA,0.142119884,"tRNA-Gly","ACIAD_RS00655; ACIAD_RS00660; ACIAD_RS06830",1529338,1529338,1529338,"ref_AB3_v2-2-0",22,1,132,1,"SNP","noncoding","snp_noncoding",NA
"Sample 2","ACIAD_RS00655; ACIAD_RS00660; ACIAD_RS06830","noncoding (28/76 nt)","T","C","T -> C","ACIAD_RS00655; ACIAD_RS00660; ACIAD_RS06830_Tnoncoding (28/76 nt)C","","",NA,NA,"","",NA,NA,0.0908741951,"tRNA-Gly","ACIAD_RS00655; ACIAD_RS00660; ACIAD_RS06830",1529352,1529352,1529352,"ref_AB3_v2-2-0",15,1,150,1,"SNP","noncoding","snp_noncoding",NA
"Sample 2","ACIAD_RS06995/ACIAD_RS07000","intergenic (-286/-31)","A","",NA,NA,"","",NA,NA,"","",NA,NA,1,"LLM class flavin-dependent oxidoreductase/sigma-54 dependent transcriptional regulator","ACIAD_RS06995/ACIAD_RS07000",1570116,1570116,1570116,"ref_AB3_v2-2-0",168,1,0,1,"DEL","","small_indel",1
"Sample 2","ACIAD_RS07130/ACIAD_RS17050","intergenic (+165/-378)","T","",NA,NA,"","",NA,NA,"","",NA,NA,1,"hypothetical protein/hypothetical protein","ACIAD_RS07130/ACIAD_RS17050",1599611,1599611,1599611,"ref_AB3_v2-2-0",169,1,1,1,"DEL","","small_indel",1
"Sample 2","ACIAD_RS07520","coding (30/2152 nt)","A","A","A -> A","ACIAD_RS07520_Acoding (30/2152 nt)A","","",NA,NA,"","",NA,NA,1,"YadA-like family protein","ACIAD_RS07520",1685479,1685479,1685479,"ref_AB3_v2-2-0",157,1,8,1,"INS","","small_indel",NA
"Sample 2","ACIAD_RS07520","coding (1745-1746/2152 nt)","GG","",NA,NA,"","",NA,NA,"","",NA,NA,1,"YadA-like family protein","ACIAD_RS07520",1687194,1687194,1687195,"ref_AB3_v2-2-0",392,2,0,2,"DEL","","small_indel",2
"Sample 2","ACIAD_RS07525","coding (117/847 nt)","A","A","A -> A","ACIAD_RS07525_Acoding (117/847 nt)A","","",NA,NA,"","",NA,NA,1,"OmpA family protein","ACIAD_RS07525",1687774,1687774,1687774,"ref_AB3_v2-2-0",164,1,3,1,"INS","","small_indel",NA
"Sample 2","ACIAD_RS07525","coding (611-612/847 nt)","AG","",NA,NA,"","",NA,NA,"","",NA,NA,1,"OmpA family protein","ACIAD_RS07525",1688268,1688268,1688269,"ref_AB3_v2-2-0",238,2,0,2,"DEL","","small_indel",2
"Sample 2","ACIAD_RS07705","1516","G","T","G -> T","ACIAD_RS07705_G1516T","GAA","TAA","GAA -> TAA",506,"E","*","E -> *","ACIAD_RS07705_E506*",0.0973029137,"HAD family hydrolase","ACIAD_RS07705",1729221,1729221,1729221,"ref_AB3_v2-2-0",26,1,144,1,"SNP","nonsense","snp_nonsense",NA
"Sample 2","ACIAD_RS07850","144","G","A","G -> A","ACIAD_RS07850_G144A","CTG","CTA","CTG -> CTA",48,"L","L","L -> L","ACIAD_RS07850_L48L",1,"3-oxoacid CoA-transferase subunit A","ACIAD_RS07850",1759808,1759808,1759808,"ref_AB3_v2-2-0",10,1,0,1,"SNP","synonymous","snp_synonymous",NA
"Sample 2","ACIAD_RS08075/mdcA","intergenic (-277/-222)","A","",NA,NA,"","",NA,NA,"","",NA,NA,1,"DUF2946 domain-containing protein/malonate decarboxylase subunit alpha","ACIAD_RS08075/ACIAD_RS08080",1809815,1809815,1809815,"ref_AB3_v2-2-0",176,1,0,1,"DEL","","small_indel",1
"Sample 2","ACIAD_RS08135/urtA","intergenic (+326/-148)","T","",NA,NA,"","",NA,NA,"","",NA,NA,1,"TonB-dependent siderophore receptor/urea ABC transporter substrate-binding protein","ACIAD_RS08135/ACIAD_RS08140",1821956,1821956,1821956,"ref_AB3_v2-2-0",136,1,3,1,"DEL","","small_indel",1
"Sample 2","urtA","coding (10/1288 nt)","A","",NA,NA,"","",NA,NA,"","",NA,NA,1,"urea ABC transporter substrate-binding protein","ACIAD_RS08140",1822113,1822113,1822113,"ref_AB3_v2-2-0",140,1,1,1,"DEL","","small_indel",1
"Sample 2","ACIAD_RS08280","257","G","A","G -> A","ACIAD_RS08280_G257A","TGT","TAT","TGT -> TAT",86,"C","Y","C -> Y","ACIAD_RS08280_C86Y",0.10243988,"hypothetical protein","ACIAD_RS08280",1854247,1854247,1854247,"ref_AB3_v2-2-0",4,1,35,1,"SNP","nonsynonymous","snp_nonsynonymous",NA
"Sample 2","ACIAD_RS08535","coding (744-745/1306 nt)","CA","T","CA -> T","ACIAD_RS08535_CAcoding (744-745/1306 nt)T","","",NA,NA,"","",NA,NA,1,"hypothetical protein","ACIAD_RS08535",1903936,1903936,1903937,"ref_AB3_v2-2-0",328,2,1,2,"SUB","","small_indel",2
"Sample 2","ACIAD_RS08535","coding (743/1306 nt)","T","T","T -> T","ACIAD_RS08535_Tcoding (743/1306 nt)T","","",NA,NA,"","",NA,NA,0.0517225266,"hypothetical protein","ACIAD_RS08535",1903938,1903938,1903938,"ref_AB3_v2-2-0",9,1,165,1,"INS","","small_indel",NA
"Sample 2","ACIAD_RS08540","coding (49-52/283 nt)","TGAT","",NA,NA,"","",NA,NA,"","",NA,NA,1,"DUF2523 domain-containing protein","ACIAD_RS08540",1904908,1904908,1904911,"ref_AB3_v2-2-0",205,1,0,2,"DEL","","small_indel",4
"Sample 2","ACIAD_RS08545","coding (96/1411 nt)","T","",NA,NA,"","",NA,NA,"","",NA,NA,1,"hypothetical protein","ACIAD_RS08545",1906277,1906277,1906277,"ref_AB3_v2-2-0",179,1,1,1,"DEL","","small_indel",1
"Sample 2","ACIAD_RS08545/ACIAD_RS08550","intergenic (-102/+27)","C","",NA,NA,"","",NA,NA,"","",NA,NA,1,"hypothetical protein/hypothetical protein","ACIAD_RS08545/ACIAD_RS08550",1906474,1906474,1906474,"ref_AB3_v2-2-0",135,1,0,1,"DEL","","small_indel",1
"Sample 2","ACIAD_RS08580/ACIAD_RS08585","intergenic (+141/+69)","T","CA","T -> CA","ACIAD_RS08580/ACIAD_RS08585_Tintergenic (+141/+69)CA","","",NA,NA,"","",NA,NA,1,"hypothetical protein/hypothetical protein","ACIAD_RS08580/ACIAD_RS08585",1909848,1909848,1909848,"ref_AB3_v2-2-0",250,2,2,2,"INS","","small_indel",NA
"Sample 2","ACIAD_RS09405/ACIAD_RS09415","intergenic (-605/-349)","A","A","A -> A","ACIAD_RS09405/ACIAD_RS09415_Aintergenic (-605/-349)A","","",NA,NA,"","",NA,NA,1,"hypothetical protein/tRNA-Met","ACIAD_RS09405/ACIAD_RS09415",2085901,2085901,2085901,"ref_AB3_v2-2-0",203,1,16,1,"INS","","small_indel",NA
"Sample 2","ACIAD_RS09465/ACIAD_RS09470","intergenic (-372/+240)","TA","",NA,NA,"","",NA,NA,"","",NA,NA,1,"amino acid ABC transporter substrate-binding protein/glutathione S-transferase family protein","ACIAD_RS09465/ACIAD_RS09470",2098465,2098465,2098466,"ref_AB3_v2-2-0",212,2,2,2,"DEL","","small_indel",2
"Sample 2","ACIAD_RS09610/ACIAD_RS09615","intergenic (-263/-212)","A","",NA,NA,"","",NA,NA,"","",NA,NA,1,"iron-containing redox enzyme family protein/GGDEF domain-containing protein","ACIAD_RS09610/ACIAD_RS09615",2133308,2133308,2133308,"ref_AB3_v2-2-0",156,1,0,1,"DEL","","small_indel",1
"Sample 2","ACIAD_RS09610/ACIAD_RS09615","intergenic (-284/-191)","T","T","T -> T","ACIAD_RS09610/ACIAD_RS09615_Tintergenic (-284/-191)T","","",NA,NA,"","",NA,NA,1,"iron-containing redox enzyme family protein/GGDEF domain-containing protein","ACIAD_RS09610/ACIAD_RS09615",2133329,2133329,2133329,"ref_AB3_v2-2-0",157,1,5,1,"INS","","small_indel",NA
"Sample 2","ACIAD_RS09610/ACIAD_RS09615","intergenic (-290/-183)","AAC","",NA,NA,"","",NA,NA,"","",NA,NA,1,"iron-containing redox enzyme family protein/GGDEF domain-containing protein","ACIAD_RS09610/ACIAD_RS09615",2133335,2133335,2133337,"ref_AB3_v2-2-0",171,1,4,2,"DEL","","small_indel",3
"Sample 2","ACIAD_RS09675/ACIAD_RS09680","intergenic (+8/+56)","T","T","T -> T","ACIAD_RS09675/ACIAD_RS09680_Tintergenic (+8/+56)T","","",NA,NA,"","",NA,NA,1,"cupin domain-containing protein/hypothetical protein","ACIAD_RS09675/ACIAD_RS09680",2150170,2150170,2150170,"ref_AB3_v2-2-0",129,1,0,1,"INS","","small_indel",NA
"Sample 2","ACIAD_RS09765/ACIAD_RS16785","intergenic (-103/-457)","TA","",NA,NA,"","",NA,NA,"","",NA,NA,1,"BLUF domain-containing protein/hypothetical protein","ACIAD_RS09765/ACIAD_RS16785",2170908,2170908,2170909,"ref_AB3_v2-2-0",309,2,3,2,"DEL","","small_indel",2
"Sample 2","ACIAD_RS09765/ACIAD_RS16785","intergenic (-231/-330)","T","",NA,NA,"","",NA,NA,"","",NA,NA,1,"BLUF domain-containing protein/hypothetical protein","ACIAD_RS09765/ACIAD_RS16785",2171036,2171036,2171036,"ref_AB3_v2-2-0",183,1,2,1,"DEL","","small_indel",1
"Sample 2","ACIAD_RS10040","coding (554/1149 nt)","A","",NA,NA,"","",NA,NA,"","",NA,NA,1,"hypothetical protein","ACIAD_RS10040",2216160,2216160,2216160,"ref_AB3_v2-2-0",191,1,1,1,"DEL","","small_indel",1
"Sample 2","ACIAD_RS10040","coding (561-562/1149 nt)","AC","",NA,NA,"","",NA,NA,"","",NA,NA,1,"hypothetical protein","ACIAD_RS10040",2216167,2216167,2216168,"ref_AB3_v2-2-0",375,2,1,2,"DEL","","small_indel",2
"Sample 2","ACIAD_RS10280/ACIAD_RS10285","intergenic (-185/-197)","A","",NA,NA,"","",NA,NA,"","",NA,NA,1,"GntR family transcriptional regulator/porin","ACIAD_RS10280/ACIAD_RS10285",2268124,2268124,2268124,"ref_AB3_v2-2-0",153,1,0,1,"DEL","","small_indel",1
"Sample 2","ACIAD_RS10665","coding (120/466 nt)","T","",NA,NA,"","",NA,NA,"","",NA,NA,1,"MarR family winged helix-turn-helix transcriptional regulator","ACIAD_RS10665",2349730,2349730,2349730,"ref_AB3_v2-2-0",154,1,0,1,"DEL","","small_indel",1
"Sample 2","ACIAD_RS10670","coding (517/667 nt)","G","",NA,NA,"","",NA,NA,"","",NA,NA,1,"SOS response-associated peptidase family protein","ACIAD_RS10670",2350223,2350223,2350223,"ref_AB3_v2-2-0",147,1,0,1,"DEL","","small_indel",1
"Sample 2","ACIAD_RS10670","coding (283/667 nt)","A","",NA,NA,"","",NA,NA,"","",NA,NA,1,"SOS response-associated peptidase family protein","ACIAD_RS10670",2350457,2350457,2350457,"ref_AB3_v2-2-0",172,1,0,1,"DEL","","small_indel",1
"Sample 2","ACIAD_RS10670","coding (205-207/667 nt)","TTT","",NA,NA,"","",NA,NA,"","",NA,NA,1,"SOS response-associated peptidase family protein","ACIAD_RS10670",2350533,2350533,2350535,"ref_AB3_v2-2-0",172,1,2,2,"DEL","","small_indel",3
"Sample 2","ACIAD_RS10670","coding (22-23/667 nt)","AG","",NA,NA,"","",NA,NA,"","",NA,NA,1,"SOS response-associated peptidase family protein","ACIAD_RS10670",2350717,2350717,2350718,"ref_AB3_v2-2-0",316,2,5,2,"DEL","","small_indel",2
"Sample 2","ACIAD_RS10670","20","C","G","C -> G","ACIAD_RS10670_C20G","CGA","CCA","CGA -> CCA",7,"R","P","R -> P","ACIAD_RS10670_R7P",1,"SOS response-associated peptidase family protein","ACIAD_RS10670",2350720,2350720,2350720,"ref_AB3_v2-2-0",159,1,0,1,"SNP","nonsynonymous","snp_nonsynonymous",NA
"Sample 2","ACIAD_RS10920/ACIAD_RS10925","intergenic (-474/+118)","C","A","C -> A","ACIAD_RS10920/ACIAD_RS10925_Cintergenic (-474/+118)A","","",NA,NA,"","",NA,NA,1,"NupC/NupG family nucleoside CNT transporter/ion transporter","ACIAD_RS10920/ACIAD_RS10925",2399906,2399906,2399906,"ref_AB3_v2-2-0",170,1,0,1,"SNP","intergenic","snp_intergenic",NA
"Sample 2","ACIAD_RS11465/ACIAD_RS11470","intergenic (-229/+199)","TTA","",NA,NA,"","",NA,NA,"","",NA,NA,1,"ABC transporter substrate-binding protein/FMN-binding glutamate synthase family protein","ACIAD_RS11465/ACIAD_RS11470",2534663,2534663,2534665,"ref_AB3_v2-2-0",173,1,0,2,"DEL","","small_indel",3
"Sample 2","ACIAD_RS11655/rarD","intergenic (-167/+79)","A","C","A -> C","ACIAD_RS11655/rarD_Aintergenic (-167/+79)C","","",NA,NA,"","",NA,NA,1,"glyceraldehyde-3-phosphate dehydrogenase/EamA family transporter RarD","ACIAD_RS11655/ACIAD_RS11660",2577486,2577486,2577486,"ref_AB3_v2-2-0",154,1,1,1,"SNP","intergenic","snp_intergenic",NA
"Sample 2","ACIAD_RS11655/rarD","intergenic (-169/+77)","A","A","A -> A","ACIAD_RS11655/rarD_Aintergenic (-169/+77)A","","",NA,NA,"","",NA,NA,1,"glyceraldehyde-3-phosphate dehydrogenase/EamA family transporter RarD","ACIAD_RS11655/ACIAD_RS11660",2577488,2577488,2577488,"ref_AB3_v2-2-0",154,1,0,1,"INS","","small_indel",NA
"Sample 2","ACIAD_RS11655/rarD","intergenic (-171/+75)","T","A","T -> A","ACIAD_RS11655/rarD_Tintergenic (-171/+75)A","","",NA,NA,"","",NA,NA,1,"glyceraldehyde-3-phosphate dehydrogenase/EamA family transporter RarD","ACIAD_RS11655/ACIAD_RS11660",2577490,2577490,2577490,"ref_AB3_v2-2-0",155,1,0,1,"SNP","intergenic","snp_intergenic",NA
"Sample 2","tolA","492","A","C","A -> C","tolA_A492C","GCA","GCC","GCA -> GCC",164,"A","A","A -> A","tolA_A164A",0.0512619019,"cell envelope integrity protein TolA","ACIAD_RS11915",2626498,2626498,2626498,"ref_AB3_v2-2-0",12,1,195,1,"SNP","synonymous","snp_synonymous",NA
"Sample 2","tolA","495","T","G","T -> G","tolA_T495G","GAT","GAG","GAT -> GAG",165,"D","E","D -> E","tolA_D165E",0.0820484161,"cell envelope integrity protein TolA","ACIAD_RS11915",2626501,2626501,2626501,"ref_AB3_v2-2-0",18,1,189,1,"SNP","nonsynonymous","snp_nonsynonymous",NA
"Sample 2","tolA","coding (533-552/975 nt)","GCGAAGCAGATGCTAAAGCA","ACGAAGCAGATGCTAAAGCAAAAGCCGAGGCTGCTGCTAAAGCCAAACGCGAAGCAGAGGCCAAAGCTAAAGCCGAGGCTACTGCTAAAGCCAAAAACGAAGCAGAGACCAAAGCT","GCGAAGCAGATGCTAAAGCA -> ACGAAGCAGATGCTAAAGCAAAAGCCGAGGCTGCTGCTAAAGCCAAACGCGAAGCAGAGGCCAAAGCTAAAGCCGAGGCTACTGCTAAAGCCAAAAACGAAGCAGAGACCAAAGCT","tolA_GCGAAGCAGATGCTAAAGCAcoding (533-552/975 nt)ACGAAGCAGATGCTAAAGCAAAAGCCGAGGCTGCTGCTAAAGCCAAACGCGAAGCAGAGGCCAAAGCTAAAGCCGAGGCTACTGCTAAAGCCAAAAACGAAGCAGAGACCAAAGCT","","",NA,NA,"","",NA,NA,NA,"cell envelope integrity protein TolA","ACIAD_RS11915",2626539,2626539,2626558,"ref_AB3_v2-2-0",15,1,245,2,"SUB","","large_substitution",20
"Sample 2","tolA","coding (551/975 nt)","C","TAAAGCCGAGGCTACTGCTAAAGCCAAAAACGAAGCAGAGACCAAAGCTAAAGCCGAGGCTACTGCTAAAGCCAAACACGAAGCAGAGGCTAAAGCAAAAGCCGAGGCTGCTGCAAAAGCCAAACGCGAAGCAGATGCTAAAGC","C -> TAAAGCCGAGGCTACTGCTAAAGCCAAAAACGAAGCAGAGACCAAAGCTAAAGCCGAGGCTACTGCTAAAGCCAAACACGAAGCAGAGGCTAAAGCAAAAGCCGAGGCTGCTGCAAAAGCCAAACGCGAAGCAGATGCTAAAGC","tolA_Ccoding (551/975 nt)TAAAGCCGAGGCTACTGCTAAAGCCAAAAACGAAGCAGAGACCAAAGCTAAAGCCGAGGCTACTGCTAAAGCCAAACACGAAGCAGAGGCTAAAGCAAAAGCCGAGGCTGCTGCAAAAGCCAAACGCGAAGCAGATGCTAAAGC","","",NA,NA,"","",NA,NA,0.943766451,"cell envelope integrity protein TolA","ACIAD_RS11915",2626557,2626557,2626557,"ref_AB3_v2-2-0",17,1,235,2,"INS","","large_insertion",NA
"Sample 2","tolA","coding (565-580/975 nt)","ACTGCTAAAGCCAAAA","GCTGCTAAAGCCAAACGCGAAGCAGAGGCCAAAGCTAAAGCCGAGGCTACTGCTAAAGCCAAAAACGAAGCAGAGACCAAAGCTAAAGCCGAGGCTACTGCTAAAGCCAAAC","ACTGCTAAAGCCAAAA -> GCTGCTAAAGCCAAACGCGAAGCAGAGGCCAAAGCTAAAGCCGAGGCTACTGCTAAAGCCAAAAACGAAGCAGAGACCAAAGCTAAAGCCGAGGCTACTGCTAAAGCCAAAC","tolA_ACTGCTAAAGCCAAAAcoding (565-580/975 nt)GCTGCTAAAGCCAAACGCGAAGCAGAGGCCAAAGCTAAAGCCGAGGCTACTGCTAAAGCCAAAAACGAAGCAGAGACCAAAGCTAAAGCCGAGGCTACTGCTAAAGCCAAAC","","",NA,NA,"","",NA,NA,0.846715328,"cell envelope integrity protein TolA","ACIAD_RS11915",2626571,2626571,2626586,"ref_AB3_v2-2-0",30,1,315,2,"SUB","","large_substitution",16
"Sample 2","ACIAD_RS12300/ACIAD_RS12305","intergenic (+409/-48)","A","",NA,NA,"","",NA,NA,"","",NA,NA,1,"hypothetical protein/hypothetical protein","ACIAD_RS12300/ACIAD_RS12305",2714006,2714006,2714006,"ref_AB3_v2-2-0",158,1,1,1,"DEL","","small_indel",1
"Sample 2","ACIAD_RS12300/ACIAD_RS12305","intergenic (+438/-19)","T","",NA,NA,"","",NA,NA,"","",NA,NA,1,"hypothetical protein/hypothetical protein","ACIAD_RS12300/ACIAD_RS12305",2714035,2714035,2714035,"ref_AB3_v2-2-0",188,1,0,1,"DEL","","small_indel",1
"Sample 2","ACIAD_RS12305","coding (344-346/842 nt)","AAA","",NA,NA,"","",NA,NA,"","",NA,NA,1,"hypothetical protein","ACIAD_RS12305",2714397,2714397,2714399,"ref_AB3_v2-2-0",172,1,2,2,"DEL","","small_indel",3
"Sample 2","ACIAD_RS12305","coding (353/842 nt)","A","A","A -> A","ACIAD_RS12305_Acoding (353/842 nt)A","","",NA,NA,"","",NA,NA,1,"hypothetical protein","ACIAD_RS12305",2714406,2714406,2714406,"ref_AB3_v2-2-0",168,1,6,1,"INS","","small_indel",NA
"Sample 2","ACIAD_RS12305","coding (467/842 nt)","T","T","T -> T","ACIAD_RS12305_Tcoding (467/842 nt)T","","",NA,NA,"","",NA,NA,1,"hypothetical protein","ACIAD_RS12305",2714520,2714520,2714520,"ref_AB3_v2-2-0",160,1,11,1,"INS","","small_indel",NA
"Sample 2","ACIAD_RS12305","coding (467/842 nt)","T","C","T -> C","ACIAD_RS12305_Tcoding (467/842 nt)C","","",NA,NA,"","",NA,NA,0.936050892,"hypothetical protein","ACIAD_RS12305",2714520,2714520,2714520,"ref_AB3_v2-2-0",161,1,11,1,"INS","","small_indel",NA
"Sample 2","ACIAD_RS12305","coding (817/842 nt)","T","T","T -> T","ACIAD_RS12305_Tcoding (817/842 nt)T","","",NA,NA,"","",NA,NA,1,"hypothetical protein","ACIAD_RS12305",2714870,2714870,2714870,"ref_AB3_v2-2-0",184,1,6,1,"INS","","small_indel",NA
"Sample 2","ACIAD_RS12495/ACIAD_RS12500","intergenic (-96/+460)","T","",NA,NA,"","",NA,NA,"","",NA,NA,1,"GntR family transcriptional regulator/MATE family efflux transporter","ACIAD_RS12495/ACIAD_RS12500",2750718,2750718,2750718,"ref_AB3_v2-2-0",157,1,2,1,"DEL","","small_indel",1
"Sample 2","ACIAD_RS12525","coding (633/824 nt)","A","G","A -> G","ACIAD_RS12525_Acoding (633/824 nt)G","","",NA,NA,"","",NA,NA,1,"4'-phosphopantetheinyl transferase superfamily protein","ACIAD_RS12525",2758790,2758790,2758790,"ref_AB3_v2-2-0",203,1,1,1,"INS","","small_indel",NA
"Sample 2","ACIAD_RS12525","679","T","C","T -> C","ACIAD_RS12525_T679C","TTT","CTT","TTT -> CTT",227,"F","L","F -> L","ACIAD_RS12525_F227L",1,"4'-phosphopantetheinyl transferase superfamily protein","ACIAD_RS12525",2758836,2758836,2758836,"ref_AB3_v2-2-0",211,1,0,1,"SNP","nonsynonymous","snp_nonsynonymous",NA
"Sample 2","ACIAD_RS12525","coding (695/824 nt)","T","TG","T -> TG","ACIAD_RS12525_Tcoding (695/824 nt)TG","","",NA,NA,"","",NA,NA,1,"4'-phosphopantetheinyl transferase superfamily protein","ACIAD_RS12525",2758852,2758852,2758852,"ref_AB3_v2-2-0",266,2,1,2,"INS","","small_indel",NA
"Sample 2","ACIAD_RS12525","coding (706/824 nt)","T","G","T -> G","ACIAD_RS12525_Tcoding (706/824 nt)G","","",NA,NA,"","",NA,NA,1,"4'-phosphopantetheinyl transferase superfamily protein","ACIAD_RS12525",2758863,2758863,2758863,"ref_AB3_v2-2-0",192,1,1,1,"INS","","small_indel",NA
"Sample 2","ACIAD_RS12575/ACIAD_RS12580","intergenic (-181/+575)","A","A","A -> A","ACIAD_RS12575/ACIAD_RS12580_Aintergenic (-181/+575)A","","",NA,NA,"","",NA,NA,1,"isochorismate synthase/helix-turn-helix transcriptional regulator","ACIAD_RS12575/ACIAD_RS12580",2775884,2775884,2775884,"ref_AB3_v2-2-0",150,1,2,1,"INS","","small_indel",NA
"Sample 2","ACIAD_RS12650","coding (171/454 nt)","C","",NA,NA,"","",NA,NA,"","",NA,NA,1,"hypothetical protein","ACIAD_RS12650",2799667,2799667,2799667,"ref_AB3_v2-2-0",144,1,0,1,"DEL","","small_indel",1
"Sample 2","ACIAD_RS12670/ACIAD_RS12675","intergenic (-5/-440)","T","",NA,NA,"","",NA,NA,"","",NA,NA,1,"hypothetical protein/hypothetical protein","ACIAD_RS12670/ACIAD_RS12675",2801531,2801531,2801531,"ref_AB3_v2-2-0",25,1,0,1,"DEL","","small_indel",1
"Sample 2","ACIAD_RS12935","coding (3567/7394 nt)","C","C","C -> C","ACIAD_RS12935_Ccoding (3567/7394 nt)C","","",NA,NA,"","",NA,NA,0.483335018,"Ig-like domain-containing protein","ACIAD_RS12935",2859145,2859145,2859145,"ref_AB3_v2-2-0",87,1,93,1,"INS","","small_indel",NA
"Sample 2","ACIAD_RS12935","coding (3567/7394 nt)","C","A","C -> A","ACIAD_RS12935_Ccoding (3567/7394 nt)A","","",NA,NA,"","",NA,NA,0.48333931,"Ig-like domain-containing protein","ACIAD_RS12935",2859145,2859145,2859145,"ref_AB3_v2-2-0",87,1,93,1,"INS","","small_indel",NA
"Sample 2","ACIAD_RS12935","coding (3565/7394 nt)","A","C","A -> C","ACIAD_RS12935_Acoding (3565/7394 nt)C","","",NA,NA,"","",NA,NA,0.473374844,"Ig-like domain-containing protein","ACIAD_RS12935",2859147,2859147,2859147,"ref_AB3_v2-2-0",80,1,89,1,"INS","","small_indel",NA
"Sample 2","ACIAD_RS12935","coding (3565/7394 nt)","A","A","A -> A","ACIAD_RS12935_Acoding (3565/7394 nt)A","","",NA,NA,"","",NA,NA,0.467461109,"Ig-like domain-containing protein","ACIAD_RS12935",2859147,2859147,2859147,"ref_AB3_v2-2-0",79,1,90,1,"INS","","small_indel",NA
"Sample 2","ACIAD_RS12935","coding (3491-3494/7394 nt)","CGGT","",NA,NA,"","",NA,NA,"","",NA,NA,1,"Ig-like domain-containing protein","ACIAD_RS12935",2859218,2859218,2859221,"ref_AB3_v2-2-0",188,1,2,2,"DEL","","small_indel",4
"Sample 2","rnpB","noncoding (188/356 nt)","A","C","A -> C","rnpB_Anoncoding (188/356 nt)C","","",NA,NA,"","",NA,NA,0.0612735748,"RNase P RNA component class A","ACIAD_RS16700",2888441,2888441,2888441,"ref_AB3_v2-2-0",14,1,214,1,"SNP","noncoding","snp_noncoding",NA
"Sample 2","rnpB","noncoding (186/356 nt)","A","G","A -> G","rnpB_Anoncoding (186/356 nt)G","","",NA,NA,"","",NA,NA,0.0621666908,"RNase P RNA component class A","ACIAD_RS16700",2888443,2888443,2888443,"ref_AB3_v2-2-0",14,1,212,1,"SNP","noncoding","snp_noncoding",NA
"Sample 2","rnpB","noncoding (99-148/356 nt)","50-bp","GATCCCGCTTGCGCGGGCCATCGGCGGTTTGCTCTCTGTTGCACTGGTCGTGGGTTTCCCC","50-bp -> GATCCCGCTTGCGCGGGCCATCGGCGGTTTGCTCTCTGTTGCACTGGTCGTGGGTTTCCCC","rnpB_50-bpnoncoding (99-148/356 nt)GATCCCGCTTGCGCGGGCCATCGGCGGTTTGCTCTCTGTTGCACTGGTCGTGGGTTTCCCC","","",NA,NA,"","",NA,NA,0.10801583,"RNase P RNA component class A","ACIAD_RS16700",2888481,2888481,2888530,"ref_AB3_v2-2-0",12,1,418,2,"SUB","","small_indel",50
"Sample 2","ACIAD_RS13105; ACIAD_RS13110; ACIAD_RS13115; ACIAD_RS13120; ACIAD_RS13125","noncoding (15/76 nt)","A","",NA,NA,"","",NA,NA,"","",NA,NA,1,"tRNA-Gln","ACIAD_RS13105; ACIAD_RS13110; ACIAD_RS13115; ACIAD_RS13120; ACIAD_RS13125",2900374,2900374,2900374,"ref_AB3_v2-2-0",75,1,2,1,"DEL","","small_indel",1
"Sample 2","ACIAD_RS00070; ACIAD_RS01015; ACIAD_RS03015; ACIAD_RS07625; ACIAD_RS13640; ACIAD_RS14245; ACIAD_RS16495/ACIAD_RS13645","intergenic (-182/-372)","T","C","T -> C","ACIAD_RS00070; ACIAD_RS01015; ACIAD_RS03015; ACIAD_RS07625; ACIAD_RS13640; ACIAD_RS14245; ACIAD_RS16495/ACIAD_RS13645_Tintergenic (-182/-372)C","","",NA,NA,"","",NA,NA,0.411892891,"16S ribosomal RNA/VacJ family lipoprotein","ACIAD_RS00070; ACIAD_RS01015; ACIAD_RS03015; ACIAD_RS07625; ACIAD_RS13640; ACIAD_RS14245; ACIAD_RS16495/ACIAD_RS13645",3003946,3003946,3003946,"ref_AB3_v2-2-0",14,1,20,1,"SNP","intergenic","snp_intergenic",NA
"Sample 2","ACIAD_RS15095","coding (1599/1646 nt)","T","GA","T -> GA","ACIAD_RS15095_Tcoding (1599/1646 nt)GA","","",NA,NA,"","",NA,NA,1,"pilin glycosylation ligase domain-containing protein","ACIAD_RS15095",3295554,3295554,3295554,"ref_AB3_v2-2-0",387,2,3,2,"SUB","","small_indel",1
"Sample 2","ACIAD_RS15100/adhP","intergenic (-82/+287)","A","A","A -> A","ACIAD_RS15100/adhP_Aintergenic (-82/+287)A","","",NA,NA,"","",NA,NA,1,"pilin/alcohol dehydrogenase AdhP","ACIAD_RS15100/ACIAD_RS15105",3297739,3297739,3297739,"ref_AB3_v2-2-0",145,1,5,1,"INS","","small_indel",NA
"Sample 2","ACIAD_RS15100/adhP","intergenic (-308/+60)","TT","",NA,NA,"","",NA,NA,"","",NA,NA,1,"pilin/alcohol dehydrogenase AdhP","ACIAD_RS15100/ACIAD_RS15105",3297965,3297965,3297966,"ref_AB3_v2-2-0",352,2,2,2,"DEL","","small_indel",2
"Sample 2","adhP","coding (290-291/1034 nt)","CA","",NA,NA,"","",NA,NA,"","",NA,NA,1,"alcohol dehydrogenase AdhP","ACIAD_RS15105",3298769,3298769,3298770,"ref_AB3_v2-2-0",356,2,2,2,"DEL","","small_indel",2
"Sample 2","ACIAD_RS15135","coding (1038/1072 nt)","A","",NA,NA,"","",NA,NA,"","",NA,NA,1,"TPM domain-containing protein","ACIAD_RS15135",3306847,3306847,3306847,"ref_AB3_v2-2-0",199,1,0,1,"DEL","","small_indel",1
"Sample 2","ACIAD_RS15440/ACIAD_RS15445","intergenic (+33/+43)","T","G","T -> G","ACIAD_RS15440/ACIAD_RS15445_Tintergenic (+33/+43)G","","",NA,NA,"","",NA,NA,0.055434227,"hypothetical protein/potassium transporter Kup","ACIAD_RS15440/ACIAD_RS15445",3381748,3381748,3381748,"ref_AB3_v2-2-0",19,1,226,1,"SNP","intergenic","snp_intergenic",NA
"Sample 2","ACIAD_RS15665/ACIAD_RS15670","intergenic (+13/+27)","A","C","A -> C","ACIAD_RS15665/ACIAD_RS15670_Aintergenic (+13/+27)C","","",NA,NA,"","",NA,NA,0.0688490868,"hypothetical protein/cation acetate symporter","ACIAD_RS15665/ACIAD_RS15670",3444248,3444248,3444248,"ref_AB3_v2-2-0",17,1,175,1,"SNP","intergenic","snp_intergenic",NA
"Sample 2","ACIAD_RS15915/ACIAD_RS15920","intergenic (+27/-243)","G","T","G -> T","ACIAD_RS15915/ACIAD_RS15920_Gintergenic (+27/-243)T","","",NA,NA,"","",NA,NA,0.084915638,"DUF4394 domain-containing protein/DUF1737 domain-containing protein","ACIAD_RS15915/ACIAD_RS15920",3505847,3505847,3505847,"ref_AB3_v2-2-0",14,1,104,1,"SNP","intergenic","snp_intergenic",NA
"Sample 2","ACIAD_RS15915/ACIAD_RS15920","intergenic (+36/-234)","T","A","T -> A","ACIAD_RS15915/ACIAD_RS15920_Tintergenic (+36/-234)A","","",NA,NA,"","",NA,NA,0.0785489082,"DUF4394 domain-containing protein/DUF1737 domain-containing protein","ACIAD_RS15915/ACIAD_RS15920",3505856,3505856,3505856,"ref_AB3_v2-2-0",13,1,110,1,"SNP","intergenic","snp_intergenic",NA
"Sample 2","ACIAD_RS16540/ACIAD_RS16545","intergenic (-130/+420)","T","G","T -> G","ACIAD_RS16540/ACIAD_RS16545_Tintergenic (-130/+420)G","","",NA,NA,"","",NA,NA,1,"lytic murein transglycosylase/5-(carboxyamino)imidazole ribonucleotide synthase","ACIAD_RS16540/ACIAD_RS16545",3631483,3631483,3631483,"ref_AB3_v2-2-0",179,1,5,1,"SNP","intergenic","snp_intergenic",NA
