"Gene","Locus_tag","Nt_pos","Frequency"
"ACIAD1233/ACIAD1235","ACIAD1233/ACIAD1235","intergenic (-640/-1285)",1
"ACIAD1679/mucK","ACIAD1679/ACIAD1681","intergenic (+835/+1231)",1
"ACIAD2249/ACIAD2251","ACIAD2249/ACIAD2251","intergenic (-741/+1215)",1
"ACIAD2484/ACIAD2500","ACIAD2484/ACIAD2500","intergenic (+4508/+618)",1
"tolR/tolB","ACIAD2620/ACIAD2622","intergenic (+568/-541)",1
"tolR/tolB","ACIAD2620/ACIAD2622","intergenic (+580/-465)",1
"ACIADrRNA5S_3/ACIADtRNAAla_2","ACIADrRNA5S_3/ACIADtRNAAla_2","intergenic (-44/+3474)",1
"ACIADrRNA5S_3/ACIADtRNAAla_2","ACIADrRNA5S_3/ACIADtRNAAla_2","intergenic (-64/+3455)",1
"ACIADrRNA5S_3/ACIADtRNAAla_2","ACIADrRNA5S_3/ACIADtRNAAla_2","intergenic (-97/+3422)",1
"ACIADrRNA5S_3/ACIADtRNAAla_2","ACIADrRNA5S_3/ACIADtRNAAla_2","intergenic (-113/+3406)",1
"ACIADrRNA5S_3/ACIADtRNAAla_2","ACIADrRNA5S_3/ACIADtRNAAla_2","intergenic (-116/+3402)",1
"ACIADrRNA5S_3/ACIADtRNAAla_2","ACIADrRNA5S_3/ACIADtRNAAla_2","intergenic (-119/+3399)",1
"ACIADrRNA5S_3/ACIADtRNAAla_2","ACIADrRNA5S_3/ACIADtRNAAla_2","intergenic (-122/+3396)",1
"ACIADrRNA5S_3/ACIADtRNAAla_2","ACIADrRNA5S_3/ACIADtRNAAla_2","intergenic (-125/+3394)",1
"ACIAD1233/ACIAD1235","ACIAD1233/ACIAD1235","intergenic (-640/-1285)",1
"ACIAD1679/mucK","ACIAD1679/ACIAD1681","intergenic (+835/+1231)",1
"ACIAD2249/ACIAD2251","ACIAD2249/ACIAD2251","intergenic (-741/+1215)",1
"ACIAD2484/ACIAD2500","ACIAD2484/ACIAD2500","intergenic (+4508/+618)",1
"tolR/tolB","ACIAD2620/ACIAD2622","intergenic (+534/-575)",1
"tolR/tolB","ACIAD2620/ACIAD2622","intergenic (+580/-465)",1
"ACIADrRNA5S_3/ACIADtRNAAla_2","ACIADrRNA5S_3/ACIADtRNAAla_2","intergenic (-44/+3474)",1
"ACIADrRNA5S_3/ACIADtRNAAla_2","ACIADrRNA5S_3/ACIADtRNAAla_2","intergenic (-64/+3455)",1
"ACIADrRNA5S_3/ACIADtRNAAla_2","ACIADrRNA5S_3/ACIADtRNAAla_2","intergenic (-97/+3422)",1
"ACIADrRNA5S_3/ACIADtRNAAla_2","ACIADrRNA5S_3/ACIADtRNAAla_2","intergenic (-113/+3406)",1
"ACIADrRNA5S_3/ACIADtRNAAla_2","ACIADrRNA5S_3/ACIADtRNAAla_2","intergenic (-116/+3402)",1
"ACIADrRNA5S_3/ACIADtRNAAla_2","ACIADrRNA5S_3/ACIADtRNAAla_2","intergenic (-119/+3399)",1
"ACIADrRNA5S_3/ACIADtRNAAla_2","ACIADrRNA5S_3/ACIADtRNAAla_2","intergenic (-122/+3396)",1
"ACIADrRNA5S_3/ACIADtRNAAla_2","ACIADrRNA5S_3/ACIADtRNAAla_2","intergenic (-125/+3394)",1
