"aa_new_seq","aa_position","aa_ref_seq","clone","codon_new_seq","codon_number","codon_position","codon_position_is_indeterminate","codon_ref_seq","frequency","gene_name","gene_position","gene_product","gene_strand","genes_inactivated","genes_overlapping","genes_promoter","insert_position","locus_tag","locus_tags_inactivated","locus_tags_overlapping","locus_tags_promoter","mutation_category","mutator_status","new_read_count","new_read_count_basis","new_seq","population","position","position_end","position_start","ref_read_count","ref_read_count_basis","ref_seq","seq_id","size","snp_type","time","title","transl_table","treatment","type"
"","","","","","","","","","6.13117218e-02","ACIAD0074/rmlB","intergenic (+1025/-252)","glycosyl transferase/dTDP-D-glucose-4,6-dehydratase",">/>","","","rmlB","","ACIAD0074/ACIAD0076","","","ACIAD0076","snp_intergenic","","33","1","G","","72318","72318","72318","352","1","T","AB3_v2.2","","intergenic","-1","SE8011_J5079","","","SNP"
"N","105","K","","AAT","105","3","","AAG","1.04103088e-01","ACIAD0120","315","pili assembly chaperone, required for type 1 fimbriae",">","","ACIAD0120","","","ACIAD0120","","ACIAD0120","","snp_nonsynonymous","","52","1","T","","121330","121330","121330","285","1","G","AB3_v2.2","","nonsynonymous","-1","SE8011_J5079","11","","SNP"
"N","125","K","","AAT","125","3","","AAG","5.32999039e-02","ACIAD0120","375","pili assembly chaperone, required for type 1 fimbriae",">","","ACIAD0120","","","ACIAD0120","","ACIAD0120","","snp_nonsynonymous","","30","1","T","","121390","121390","121390","318","1","G","AB3_v2.2","","nonsynonymous","-1","SE8011_J5079","11","","SNP"
"V","246","V","","GTG","246","3","","GTT","1.06413364e-01","ACIAD0564","738","PQQ repeat-containing protein",">","","ACIAD0564","","","ACIAD0564","","ACIAD0564","","snp_synonymous","","44","1","G","","554381","554381","554381","298","1","T","AB3_v2.2","","synonymous","-1","SE8011_J5079","11","","SNP"
"","","","","","","","","","3.02368164e-01","ACIADrRNA16S_1/ACIADtRNAIle_1","intergenic (+18/-44)","16S/tRNA-Ile",">/>","","","ACIADtRNAIle_1","","ACIADrRNA16S_1/ACIADtRNAIle_1","","","ACIADtRNAIle_1","snp_intergenic","","372","1","T","","646024","646024","646024","859","1","C","AB3_v2.2","","intergenic","-1","SE8011_J5079","","","SNP"
"","","","","","","","","","1","ACIAD1233/ACIAD1235","intergenic (-640/-1285)","signal peptide/hypothetical protein","</>","","","","","ACIAD1233/ACIAD1235","","","","snp_intergenic","","277","1","C","","1286246","1286246","1286246","0","1","N","AB3_v2.2","","intergenic","-1","SE8011_J5079","","","SNP"
"S","78","A","","TCA","78","1","","GCA","5.61766624e-02","salR","232","LysR family transcriptional regulator",">","","salR","","","ACIAD1425","","ACIAD1425","","snp_nonsynonymous","","36","1","T","","1471999","1471999","1471999","324","1","G","AB3_v2.2","","nonsynonymous","-1","SE8011_J5079","11","","SNP"
"","","","","","","","","","1","ACIAD1679/mucK","intergenic (+835/+1231)","hypothetical protein/major facilitator superfamily cis,cis-muconate transporter",">/<","","","mucK","","ACIAD1679/ACIAD1681","","","ACIAD1681","snp_intergenic","","198","1","G","","1735226","1735226","1735226","0","1","N","AB3_v2.2","","intergenic","-1","SE8011_J5079","","","SNP"
"","","","","","","","","","1","ACIAD2249/ACIAD2251","intergenic (-741/+1215)","hypothetical protein/hypothetical protein","</<","","","","","ACIAD2249/ACIAD2251","","","","snp_intergenic","","299","1","T","","2273478","2273478","2273478","0","1","N","AB3_v2.2","","intergenic","-1","SE8011_J5079","","","SNP"
"*","4","S","","TAA","4","2","","TCA","1.33895874e-01","ACIAD2300","11","hypothetical protein","<","ACIAD2300","","","","ACIAD2300","ACIAD2300","","","snp_nonsense","","58","1","T","","2323262","2323262","2323262","276","1","G","AB3_v2.2","","nonsense","-1","SE8011_J5079","11","","SNP"
"","","","","","","","","","6.64734840e-02","glnA/ACIAD2460","intergenic (-596/-27)","glutamine synthetase/hypothetical protein","</>","","","","","ACIAD2458/ACIAD2460","","","","snp_intergenic","","42","1","A","","2474887","2474887","2474887","311","1","C","AB3_v2.2","","intergenic","-1","SE8011_J5079","","","SNP"
"","","","","","","","","","1","ACIAD2484/ACIAD2500","intergenic (+4508/+618)","hypothetical protein/two-component response regulator protein",">/<","","","ACIAD2500","","ACIAD2484/ACIAD2500","","","ACIAD2500","small_indel","","493","1","","","2505088","2505136","2505088","0","2","49-bp","AB3_v2.2","49","","-1","SE8011_J5079","","","DEL"
"N","664","I","","AAC","664","2","","ATC","5.63678741e-02","soxA","1991","sarcosine oxidase (alpha subunit) oxidoreductaseprotein","<","","soxA","","","ACIAD2550","","ACIAD2550","","snp_nonsynonymous","","28","1","T","","2561658","2561658","2561658","320","1","A","AB3_v2.2","","nonsynonymous","-1","SE8011_J5079","11","","SNP"
"*","662","E","","TAA","662","1","","GAA","1.52572632e-01","soxA","1984","sarcosine oxidase (alpha subunit) oxidoreductaseprotein","<","soxA","","","","ACIAD2550","ACIAD2550","","","snp_nonsense","","75","1","A","","2561665","2561665","2561665","267","1","C","AB3_v2.2","","nonsense","-1","SE8011_J5079","11","","SNP"
"","","","","","","","","","8.73288631e-01","tolR/tolB","intergenic (+498/-611)","group A colicins tolerance protein/translocation protein TolB",">/>","","","tolB","","ACIAD2620/ACIAD2622","","","ACIAD2622","snp_intergenic","","467","1","T","","2626604","2626604","2626604","0","1","N","AB3_v2.2","","intergenic","-1","SE8011_J5079","","","SNP"
"","","","","","","","","","7.16953278e-02","tolR/tolB","intergenic (+520/-589)","group A colicins tolerance protein/translocation protein TolB",">/>","","","tolB","","ACIAD2620/ACIAD2622","","","ACIAD2622","snp_intergenic","","76","1","A","","2626626","2626626","2626626","996","1","G","AB3_v2.2","","intergenic","-1","SE8011_J5079","","","SNP"
"","","","","","","","","","1.19030952e-01","tolR/tolB","intergenic (+525/-584)","group A colicins tolerance protein/translocation protein TolB",">/>","","","tolB","","ACIAD2620/ACIAD2622","","","ACIAD2622","snp_intergenic","","137","1","A","","2626631","2626631","2626631","974","1","T","AB3_v2.2","","intergenic","-1","SE8011_J5079","","","SNP"
"","","","","","","","","","8.93375394e-01","tolR/tolB","intergenic (+534/-575)","group A colicins tolerance protein/translocation protein TolB",">/>","","","tolB","1","ACIAD2620/ACIAD2622","","","ACIAD2622","large_insertion","","42","1","AACGAAGCCGAGGCTAAAGCAAAAGCCGAGGCTGCTGCTAAAGCCAAACGCGAAGCAGATGCTAAAGCAAAAGCCGAGGCTACTGCTAAAGCCAAAAACGAAGCAGAGGCCAAAGCAAAAGCCGAGGCTGCTGCTAAAGCCAAA","","2626640","2626640","2626640","169","2","A","AB3_v2.2","","","-1","SE8011_J5079","","","INS"
"","","","","","","","","","9.27451047e-01","tolR/tolB","intergenic (+535/-574)","group A colicins tolerance protein/translocation protein TolB",">/>","","","tolB","1","ACIAD2620/ACIAD2622","","","ACIAD2622","large_insertion","","115","1","ACGAAGCAGAGGCTAAAGCAAAAGCCGAGGCTGCTGCAAAAGCCAAACGCGAAGCAGATGCTAAAGCAAAAGCCGATGCTGCTGCTAAAGCCAAAAACGAAGCCGAGGCTAAAGCAAAAGCCGAGGCTGCTGCTAAAGCCAAAC","","2626641","2626641","2626641","193","2","C","AB3_v2.2","","","-1","SE8011_J5079","","","INS"
"","","","","","","","","","8.38874680e-01","tolR/tolB","intergenic (+545/-564)","group A colicins tolerance protein/translocation protein TolB",">/>","","","tolB","1","ACIAD2620/ACIAD2622","","","ACIAD2622","large_insertion","","82","1","GGCCAAAGCTAAAGCCGAGGCTACTGCTAAAGCCAAAAACGAAGCAGAGACCAAAGCTAAAGCCGAGGCTACTGCTAAAGCCAAACACGAAGCAGAGGCTAAAGCAAAAGCCGAGGCTGCTGCTAAAGCCAAACGCGAAGCAGA","","2626651","2626651","2626651","177","2","A","AB3_v2.2","","","-1","SE8011_J5079","","","INS"
"","","","","","","","","","8.86993408e-02","tolR/tolB","intergenic (+546/-563)","group A colicins tolerance protein/translocation protein TolB",">/>","","","tolB","","ACIAD2620/ACIAD2622","","","ACIAD2622","snp_intergenic","","59","1","G","","2626652","2626652","2626652","599","1","T","AB3_v2.2","","intergenic","-1","SE8011_J5079","","","SNP"
"","","","","","","","","","8.30354691e-02","tolR/tolB","intergenic (+549/-560)","group A colicins tolerance protein/translocation protein TolB",">/>","","","tolB","","ACIAD2620/ACIAD2622","","","ACIAD2622","snp_intergenic","","53","1","C","","2626655","2626655","2626655","584","1","T","AB3_v2.2","","intergenic","-1","SE8011_J5079","","","SNP"
"","","","","","","","","","7.74583169e-01","tolR/tolB","intergenic (+563/-546)","group A colicins tolerance protein/translocation protein TolB",">/>","","","tolB","1","ACIAD2620/ACIAD2622","","","ACIAD2622","large_insertion","","25","1","TGCTGCTGCTAAAGCCAAAAACGAAGCCGAGGCTAAAGCAAAAGCCGAGGCTGCTGCTAAAGCCAAACGCGAAGCAGATGCTAAAGCAAAAGCCGAGGCTACTGCTAAAGCCAAACGCGAAGCAGATGCTAAAGCAAAAGCCGA","","2626669","2626669","2626669","101","2","A","AB3_v2.2","","","-1","SE8011_J5079","","","INS"
"","","","","","","","","","1","tolR/tolB","intergenic (+567/-542)","group A colicins tolerance protein/translocation protein TolB",">/>","","","tolB","1","ACIAD2620/ACIAD2622","","","ACIAD2622","large_insertion","","75","1","ACTGCTAAAGCCAAAAACGAAGCAGAGGCCAAAGCAAAAGCCGAGGCTGCTGCTAAAGCCAAACGCGAAGCAGATGCTAAAGCAAAAGCCGAGGCTACTGCTAAAGCCAAAAACGAAGCAGATGCTAAAGCAAAAGCCGAGGCT","","2626673","2626673","2626673","56","2","T","AB3_v2.2","","","-1","SE8011_J5079","","","INS"
"","","","","","","","","","9.26510334e-01","tolR/tolB","intergenic (+568/-541)","group A colicins tolerance protein/translocation protein TolB",">/>","","","tolB","","ACIAD2620/ACIAD2622","","","ACIAD2622","snp_intergenic","","261","1","A","","2626674","2626674","2626674","0","1","N","AB3_v2.2","","intergenic","-1","SE8011_J5079","","","SNP"
"","","","","","","","","","1","tolR/tolB","intergenic (+580/-465)","group A colicins tolerance protein/translocation protein TolB",">/>","","","tolB","","ACIAD2620/ACIAD2622","","","ACIAD2622","small_indel","","276","1","AAAAACGAAGCAGAGGCCAAAGCAAAAGCCGATGCTGCT","","2626686","2626750","2626686","3","2","65-bp","AB3_v2.2","65","","-1","SE8011_J5079","","","SUB"
"*","350","E","","TAA","350","1","","GAA","6.69693947e-02","ACIAD2672","1048","transcriptional regulator",">","","ACIAD2672","","","ACIAD2672","","ACIAD2672","","snp_nonsense","","48","1","T","","2679404","2679404","2679404","307","1","G","AB3_v2.2","","nonsense","-1","SE8011_J5079","11","","SNP"
"I","271","M","","ATT","271","3","","ATG","5.53488731e-02","rpoD","813","sigma D (sigma 70) factor of RNA polymerase, major sigma factor during exponential growth",">","","rpoD","","","ACIAD2925","","ACIAD2925","","snp_nonsynonymous","","41","1","T","","2911865","2911865","2911865","347","1","G","AB3_v2.2","","nonsynonymous","-1","SE8011_J5079","11","","SNP"
"","","","","","","","","","1","ACIADrRNA5S_3/ACIADtRNAAla_2","intergenic (-44/+3474)","5S/tRNA-Ala","</<","","","ACIADrRNA5S_3","","ACIADrRNA5S_3/ACIADtRNAAla_2","","","ACIADrRNA5S_3","small_indel","","707","2","GA","","2998629","2998630","2998629","0","2","NN","AB3_v2.2","2","","-1","SE8011_J5079","","","SUB"
"","","","","","","","","","1","ACIADrRNA5S_3/ACIADtRNAAla_2","intergenic (-64/+3455)","5S/tRNA-Ala","</<","","","ACIADrRNA5S_3","","ACIADrRNA5S_3/ACIADtRNAAla_2","","","ACIADrRNA5S_3","snp_intergenic","","350","1","T","","2998649","2998649","2998649","0","1","N","AB3_v2.2","","intergenic","-1","SE8011_J5079","","","SNP"
"","","","","","","","","","1","ACIADrRNA5S_3/ACIADtRNAAla_2","intergenic (-97/+3422)","5S/tRNA-Ala","</<","","","ACIADrRNA5S_3","","ACIADrRNA5S_3/ACIADtRNAAla_2","","","ACIADrRNA5S_3","snp_intergenic","","311","1","A","","2998682","2998682","2998682","2","1","C","AB3_v2.2","","intergenic","-1","SE8011_J5079","","","SNP"
"","","","","","","","","","1","ACIADrRNA5S_3/ACIADtRNAAla_2","intergenic (-113/+3406)","5S/tRNA-Ala","</<","","","ACIADrRNA5S_3","","ACIADrRNA5S_3/ACIADtRNAAla_2","","","ACIADrRNA5S_3","snp_intergenic","","242","1","T","","2998698","2998698","2998698","1","1","G","AB3_v2.2","","intergenic","-1","SE8011_J5079","","","SNP"
"","","","","","","","","","1","ACIADrRNA5S_3/ACIADtRNAAla_2","intergenic (-116/+3402)","5S/tRNA-Ala","</<","","","ACIADrRNA5S_3","","ACIADrRNA5S_3/ACIADtRNAAla_2","","","ACIADrRNA5S_3","small_indel","","486","2","TG","","2998701","2998702","2998701","0","2","AC","AB3_v2.2","2","","-1","SE8011_J5079","","","SUB"
"","","","","","","","","","1","ACIADrRNA5S_3/ACIADtRNAAla_2","intergenic (-119/+3399)","5S/tRNA-Ala","</<","","","ACIADrRNA5S_3","","ACIADrRNA5S_3/ACIADtRNAAla_2","","","ACIADrRNA5S_3","small_indel","","485","2","TC","","2998704","2998705","2998704","0","2","AG","AB3_v2.2","2","","-1","SE8011_J5079","","","SUB"
"","","","","","","","","","1","ACIADrRNA5S_3/ACIADtRNAAla_2","intergenic (-122/+3396)","5S/tRNA-Ala","</<","","","ACIADrRNA5S_3","","ACIADrRNA5S_3/ACIADtRNAAla_2","","","ACIADrRNA5S_3","small_indel","","485","2","AG","","2998707","2998708","2998707","0","2","TN","AB3_v2.2","2","","-1","SE8011_J5079","","","SUB"
"","","","","","","","","","1","ACIADrRNA5S_3/ACIADtRNAAla_2","intergenic (-125/+3394)","5S/tRNA-Ala","</<","","","ACIADrRNA5S_3","","ACIADrRNA5S_3/ACIADtRNAAla_2","","","ACIADrRNA5S_3","snp_intergenic","","242","1","C","","2998710","2998710","2998710","1","1","A","AB3_v2.2","","intergenic","-1","SE8011_J5079","","","SNP"
"","","","","","","","","","6.00781441e-02","ACIAD3076/ACIAD3077","intergenic (+59/+46)","hypothetical protein/hypothetical protein",">/<","","","ACIAD3077","","ACIAD3076/ACIAD3077","","","ACIAD3077","snp_intergenic","","37","1","T","","3060937","3060937","3060937","279","1","G","AB3_v2.2","","intergenic","-1","SE8011_J5079","","","SNP"
"S","441","S","","TCT","441","3","","TCG","6.91356659e-02","secY","1323","preprotein translocase subunit SecY","<","","secY","","","ACIAD3199","","ACIAD3199","","snp_synonymous","","35","1","A","","3181147","3181147","3181147","242","1","C","AB3_v2.2","","synonymous","-1","SE8011_J5079","11","","SNP"
"L","332","F","","TTA","332","3","","TTC","9.41553116e-02","ACIAD3429","996","peptidase","<","","ACIAD3429","","","ACIAD3429","","ACIAD3429","","snp_nonsynonymous","","64","1","T","","3402469","3402469","3402469","310","1","G","AB3_v2.2","","nonsynonymous","-1","SE8011_J5079","11","","SNP"
"","","","","","","","","","5.44791222e-02","ACIAD3462/actP","intergenic (+13/+27)","hypothetical protein/acetate permease",">/<","","","actP","","ACIAD3462/ACIAD3463","","","ACIAD3463","snp_intergenic","","27","1","C","","3444489","3444489","3444489","306","1","A","AB3_v2.2","","intergenic","-1","SE8011_J5079","","","SNP"
"S","37","A","","TCG","37","1","","GCG","5.83562851e-02","ACIAD3622","109","hypothetical protein","<","","ACIAD3622","","","ACIAD3622","","ACIAD3622","","snp_nonsynonymous","","33","1","A","","3589742","3589742","3589742","288","1","C","AB3_v2.2","","nonsynonymous","-1","SE8011_J5079","11","","SNP"
"","","","","","","","","","5.00521660e-02","ACIAD3657/purK","intergenic (-436/+114)","membrane-bound lytic murein transglycosylase/phosphoribosylaminoimidazole carboxylase ATPase subunit","</<","","","","","ACIAD3657/ACIAD3658","","","","snp_intergenic","","23","1","A","","3632030","3632030","3632030","295","1","T","AB3_v2.2","","intergenic","-1","SE8011_J5079","","","SNP"
"","","","","","","","","","5.29799461e-02","ACIAD3657/purK","intergenic (-437/+113)","membrane-bound lytic murein transglycosylase/phosphoribosylaminoimidazole carboxylase ATPase subunit","</<","","","","","ACIAD3657/ACIAD3658","","","","snp_intergenic","","29","1","A","","3632031","3632031","3632031","292","1","C","AB3_v2.2","","intergenic","-1","SE8011_J5079","","","SNP"
"*","101","Y","","TAA","101","3","","TAC","7.25665092e-02","ACIAD0120","303","pili assembly chaperone, required for type 1 fimbriae",">","ACIAD0120","","","","ACIAD0120","ACIAD0120","","","snp_nonsense","","40","1","A","","121318","121318","121318","274","1","C","AB3_v2.2","","nonsense","-1","SE8012_J5079","11","","SNP"
"N","105","K","","AAT","105","3","","AAG","1.13937855e-01","ACIAD0120","315","pili assembly chaperone, required for type 1 fimbriae",">","","ACIAD0120","","","ACIAD0120","","ACIAD0120","","snp_nonsynonymous","","52","1","T","","121330","121330","121330","275","1","G","AB3_v2.2","","nonsynonymous","-1","SE8012_J5079","11","","SNP"
"T","108","P","","ACC","108","1","","CCC","1.60140991e-01","ACIAD0120","322","pili assembly chaperone, required for type 1 fimbriae",">","","ACIAD0120","","","ACIAD0120","","ACIAD0120","","snp_nonsynonymous","","73","1","A","","121337","121337","121337","265","1","C","AB3_v2.2","","nonsynonymous","-1","SE8012_J5079","11","","SNP"
"S","124","R","","AGT","124","1","","CGT","1.10494137e-01","nusA","370","transcription elongation factor NusA",">","","nusA","","","ACIAD0368","","ACIAD0368","","snp_nonsynonymous","","35","1","A","","358188","358188","358188","199","1","C","AB3_v2.2","","nonsynonymous","-1","SE8012_J5079","11","","SNP"
"*","214","E","","TAA","214","1","","GAA","5.11059761e-02","ACIAD0646","640","hypothetical protein","<","ACIAD0646","","","","ACIAD0646","ACIAD0646","","","snp_nonsense","","29","1","A","","633498","633498","633498","271","1","C","AB3_v2.2","","nonsense","-1","SE8012_J5079","11","","SNP"
"","","","","","","","","","3.32994938e-01","ACIADrRNA16S_1/ACIADtRNAIle_1","intergenic (+18/-44)","16S/tRNA-Ile",">/>","","","ACIADtRNAIle_1","","ACIADrRNA16S_1/ACIADtRNAIle_1","","","ACIADtRNAIle_1","snp_intergenic","","368","1","T","","646024","646024","646024","737","1","C","AB3_v2.2","","intergenic","-1","SE8012_J5079","","","SNP"
"","","","","","","","","","1","ACIAD1233/ACIAD1235","intergenic (-640/-1285)","signal peptide/hypothetical protein","</>","","","","","ACIAD1233/ACIAD1235","","","","snp_intergenic","","225","1","C","","1286246","1286246","1286246","0","1","N","AB3_v2.2","","intergenic","-1","SE8012_J5079","","","SNP"
"","","","","","","","","","1","ACIAD1679/mucK","intergenic (+835/+1231)","hypothetical protein/major facilitator superfamily cis,cis-muconate transporter",">/<","","","mucK","","ACIAD1679/ACIAD1681","","","ACIAD1681","snp_intergenic","","201","1","G","","1735226","1735226","1735226","0","1","N","AB3_v2.2","","intergenic","-1","SE8012_J5079","","","SNP"
"E","47","D","","GAA","47","3","","GAT","7.98001289e-02","ACIAD1851","141","hypothetical protein","<","","ACIAD1851","","","ACIAD1851","","ACIAD1851","","snp_nonsynonymous","","26","1","T","","1903305","1903305","1903305","238","1","A","AB3_v2.2","","nonsynonymous","-1","SE8012_J5079","11","","SNP"
"R","127","S","","CGT","127","1","","AGT","5.66773415e-02","ACIAD2107","379","hypothetical protein","<","","ACIAD2107","","","ACIAD2107","","ACIAD2107","","snp_nonsynonymous","","29","1","G","","2149122","2149122","2149122","315","1","T","AB3_v2.2","","nonsynonymous","-1","SE8012_J5079","11","","SNP"
"","","","","","","","","","1","ACIAD2249/ACIAD2251","intergenic (-741/+1215)","hypothetical protein/hypothetical protein","</<","","","","","ACIAD2249/ACIAD2251","","","","snp_intergenic","","210","1","T","","2273478","2273478","2273478","0","1","N","AB3_v2.2","","intergenic","-1","SE8012_J5079","","","SNP"
"","","","","","","","","","1","ACIAD2484/ACIAD2500","intergenic (+4508/+618)","hypothetical protein/two-component response regulator protein",">/<","","","ACIAD2500","","ACIAD2484/ACIAD2500","","","ACIAD2500","small_indel","","385","1","","","2505088","2505136","2505088","0","2","49-bp","AB3_v2.2","49","","-1","SE8012_J5079","","","DEL"
"","","","","","","","","","5.45473099e-02","tolR/tolB","intergenic (+459/-650)","group A colicins tolerance protein/translocation protein TolB",">/>","","","tolB","","ACIAD2620/ACIAD2622","","","ACIAD2622","snp_intergenic","","20","1","A","","2626565","2626565","2626565","330","1","T","AB3_v2.2","","intergenic","-1","SE8012_J5079","","","SNP"
"","","","","","","","","","6.94394112e-02","tolR/tolB","intergenic (+465/-644)","group A colicins tolerance protein/translocation protein TolB",">/>","","","tolB","","ACIAD2620/ACIAD2622","","","ACIAD2622","snp_intergenic","","29","1","C","","2626571","2626571","2626571","367","1","A","AB3_v2.2","","intergenic","-1","SE8012_J5079","","","SNP"
"","","","","","","","","","7.42306709e-02","tolR/tolB","intergenic (+470/-639)","group A colicins tolerance protein/translocation protein TolB",">/>","","","tolB","","ACIAD2620/ACIAD2622","","","ACIAD2622","snp_intergenic","","30","1","C","","2626576","2626576","2626576","366","1","A","AB3_v2.2","","intergenic","-1","SE8012_J5079","","","SNP"
"","","","","","","","","","7.66539574e-02","tolR/tolB","intergenic (+471/-638)","group A colicins tolerance protein/translocation protein TolB",">/>","","","tolB","","ACIAD2620/ACIAD2622","","","ACIAD2622","snp_intergenic","","31","1","T","","2626577","2626577","2626577","363","1","A","AB3_v2.2","","intergenic","-1","SE8012_J5079","","","SNP"
"","","","","","","","","","1.29701138e-01","tolR/tolB","intergenic (+495/-614)","group A colicins tolerance protein/translocation protein TolB",">/>","","","tolB","","ACIAD2620/ACIAD2622","","","ACIAD2622","snp_intergenic","","73","1","C","","2626601","2626601","2626601","468","1","A","AB3_v2.2","","intergenic","-1","SE8012_J5079","","","SNP"
"","","","","","","","","","7.42166042e-01","tolR/tolB","intergenic (+498/-611)","group A colicins tolerance protein/translocation protein TolB",">/>","","","tolB","","ACIAD2620/ACIAD2622","","","ACIAD2622","snp_intergenic","","408","1","T","","2626604","2626604","2626604","0","1","N","AB3_v2.2","","intergenic","-1","SE8012_J5079","","","SNP"
"","","","","","","","","","6.36963844e-02","tolR/tolB","intergenic (+501/-608)","group A colicins tolerance protein/translocation protein TolB",">/>","","","tolB","","ACIAD2620/ACIAD2622","","","ACIAD2622","snp_intergenic","","55","1","C","","2626607","2626607","2626607","801","1","T","AB3_v2.2","","intergenic","-1","SE8012_J5079","","","SNP"
"","","","","","","","","","6.80007935e-02","tolR/tolB","intergenic (+520/-589)","group A colicins tolerance protein/translocation protein TolB",">/>","","","tolB","","ACIAD2620/ACIAD2622","","","ACIAD2622","snp_intergenic","","58","1","A","","2626626","2626626","2626626","794","1","G","AB3_v2.2","","intergenic","-1","SE8012_J5079","","","SNP"
"","","","","","","","","","9.34369330e-01","tolR/tolB","intergenic (+535/-574)","group A colicins tolerance protein/translocation protein TolB",">/>","","","tolB","1","ACIAD2620/ACIAD2622","","","ACIAD2622","large_insertion","","103","1","ACGAAGCAGAGGCTAAAGCAAAAGCCGAGGCTGCTGCAAAAGCCAAACGCGAAGCAGATGCTAAAGCAAAAGCCGATGCTGCTGCTAAAGCCAAAAACGAAGCCGAGGCTAAAGCAAAAGCCGAGGCTGCTGCTAAAGCCAAAC","","2626641","2626641","2626641","208","2","C","AB3_v2.2","","","-1","SE8012_J5079","","","INS"
"","","","","","","","","","7.47724317e-01","tolR/tolB","intergenic (+545/-564)","group A colicins tolerance protein/translocation protein TolB",">/>","","","tolB","1","ACIAD2620/ACIAD2622","","","ACIAD2622","large_insertion","","45","1","GGCCAAAGCTAAAGCCGAGGCTACTGCTAAAGCCAAAAACGAAGCAGAGACCAAAGCTAAAGCCGAGGCTACTGCTAAAGCCAAACACGAAGCAGAGGCTAAAGCAAAAGCCGAGGCTGCTGCTAAAGCCAAACGCGAAGCAGA","","2626651","2626651","2626651","194","2","A","AB3_v2.2","","","-1","SE8012_J5079","","","INS"
"","","","","","","","","","8.65606410e-01","tolR/tolB","intergenic (+567/-542)","group A colicins tolerance protein/translocation protein TolB",">/>","","","tolB","1","ACIAD2620/ACIAD2622","","","ACIAD2622","large_insertion","","62","1","ACTGCTAAAGCCAAAAACGAAGCAGAGGCCAAAGCAAAAGCCGAGGCTGCTGCTAAAGCCAAACGCGAAGCAGATGCTAAAGCAAAAGCCGAGGCTACTGCTAAAGCCAAACGCGAAGCAGATGCTAAAGCAAAAGCCGAGGCT","","2626673","2626673","2626673","123","2","T","AB3_v2.2","","","-1","SE8012_J5079","","","INS"
"","","","","","","","","","1","tolR/tolB","intergenic (+568/-541)","group A colicins tolerance protein/translocation protein TolB",">/>","","","tolB","","ACIAD2620/ACIAD2622","","","ACIAD2622","snp_intergenic","","255","1","A","","2626674","2626674","2626674","0","1","N","AB3_v2.2","","intergenic","-1","SE8012_J5079","","","SNP"
"","","","","","","","","","1","tolR/tolB","intergenic (+580/-465)","group A colicins tolerance protein/translocation protein TolB",">/>","","","tolB","","ACIAD2620/ACIAD2622","","","ACIAD2622","small_indel","","217","1","AAAAACGAAGCAGAGGCCAAAGCAAAAGCCGATGCTGCT","","2626686","2626750","2626686","2","2","65-bp","AB3_v2.2","65","","-1","SE8012_J5079","","","SUB"
"I","271","M","","ATT","271","3","","ATG","8.04142952e-02","rpoD","813","sigma D (sigma 70) factor of RNA polymerase, major sigma factor during exponential growth",">","","rpoD","","","ACIAD2925","","ACIAD2925","","snp_nonsynonymous","","49","1","T","","2911865","2911865","2911865","328","1","G","AB3_v2.2","","nonsynonymous","-1","SE8012_J5079","11","","SNP"
"*","284","S","","TAA","284","2","","TCA","6.56805038e-02","rpoD","851","sigma D (sigma 70) factor of RNA polymerase, major sigma factor during exponential growth",">","rpoD","","","","ACIAD2925","ACIAD2925","","","snp_nonsense","","45","1","A","","2911903","2911903","2911903","325","1","C","AB3_v2.2","","nonsense","-1","SE8012_J5079","11","","SNP"
"","","","","","","","","","1","ACIADrRNA5S_3/ACIADtRNAAla_2","intergenic (-44/+3474)","5S/tRNA-Ala","</<","","","ACIADrRNA5S_3","","ACIADrRNA5S_3/ACIADtRNAAla_2","","","ACIADrRNA5S_3","small_indel","","618","2","GA","","2998629","2998630","2998629","0","2","NN","AB3_v2.2","2","","-1","SE8012_J5079","","","SUB"
"","","","","","","","","","1","ACIADrRNA5S_3/ACIADtRNAAla_2","intergenic (-64/+3455)","5S/tRNA-Ala","</<","","","ACIADrRNA5S_3","","ACIADrRNA5S_3/ACIADtRNAAla_2","","","ACIADrRNA5S_3","snp_intergenic","","293","1","T","","2998649","2998649","2998649","0","1","N","AB3_v2.2","","intergenic","-1","SE8012_J5079","","","SNP"
"","","","","","","","","","1","ACIADrRNA5S_3/ACIADtRNAAla_2","intergenic (-97/+3422)","5S/tRNA-Ala","</<","","","ACIADrRNA5S_3","","ACIADrRNA5S_3/ACIADtRNAAla_2","","","ACIADrRNA5S_3","snp_intergenic","","241","1","A","","2998682","2998682","2998682","0","1","C","AB3_v2.2","","intergenic","-1","SE8012_J5079","","","SNP"
"","","","","","","","","","1","ACIADrRNA5S_3/ACIADtRNAAla_2","intergenic (-113/+3406)","5S/tRNA-Ala","</<","","","ACIADrRNA5S_3","","ACIADrRNA5S_3/ACIADtRNAAla_2","","","ACIADrRNA5S_3","snp_intergenic","","196","1","T","","2998698","2998698","2998698","2","1","G","AB3_v2.2","","intergenic","-1","SE8012_J5079","","","SNP"
"","","","","","","","","","1","ACIADrRNA5S_3/ACIADtRNAAla_2","intergenic (-116/+3402)","5S/tRNA-Ala","</<","","","ACIADrRNA5S_3","","ACIADrRNA5S_3/ACIADtRNAAla_2","","","ACIADrRNA5S_3","small_indel","","393","2","TG","","2998701","2998702","2998701","1","2","AC","AB3_v2.2","2","","-1","SE8012_J5079","","","SUB"
"","","","","","","","","","1","ACIADrRNA5S_3/ACIADtRNAAla_2","intergenic (-119/+3399)","5S/tRNA-Ala","</<","","","ACIADrRNA5S_3","","ACIADrRNA5S_3/ACIADtRNAAla_2","","","ACIADrRNA5S_3","small_indel","","396","2","TC","","2998704","2998705","2998704","0","2","AG","AB3_v2.2","2","","-1","SE8012_J5079","","","SUB"
"","","","","","","","","","1","ACIADrRNA5S_3/ACIADtRNAAla_2","intergenic (-122/+3396)","5S/tRNA-Ala","</<","","","ACIADrRNA5S_3","","ACIADrRNA5S_3/ACIADtRNAAla_2","","","ACIADrRNA5S_3","small_indel","","395","2","AG","","2998707","2998708","2998707","0","2","TN","AB3_v2.2","2","","-1","SE8012_J5079","","","SUB"
"","","","","","","","","","1","ACIADrRNA5S_3/ACIADtRNAAla_2","intergenic (-125/+3394)","5S/tRNA-Ala","</<","","","ACIADrRNA5S_3","","ACIADrRNA5S_3/ACIADtRNAAla_2","","","ACIADrRNA5S_3","snp_intergenic","","197","1","C","","2998710","2998710","2998710","1","1","A","AB3_v2.2","","intergenic","-1","SE8012_J5079","","","SNP"
"N","171","K","","AAT","171","3","","AAG","7.84239769e-02","ACIAD3059","513","hypothetical protein","<","","ACIAD3059","","","ACIAD3059","","ACIAD3059","","snp_nonsynonymous","","39","1","A","","3042917","3042917","3042917","292","1","C","AB3_v2.2","","nonsynonymous","-1","SE8012_J5079","11","","SNP"
"V","543","G","","GTA","543","2","","GGA","1.14078522e-01","ACIAD3184","1628","integral membrane protein, transporter","<","","ACIAD3184","","","ACIAD3184","","ACIAD3184","","snp_nonsynonymous","","59","1","A","","3170315","3170315","3170315","285","1","C","AB3_v2.2","","nonsynonymous","-1","SE8012_J5079","11","","SNP"
"","","","","","","","","","5.75122833e-02","ACIAD3462/actP","intergenic (+13/+27)","hypothetical protein/acetate permease",">/<","","","actP","","ACIAD3462/ACIAD3463","","","ACIAD3463","snp_intergenic","","32","1","C","","3444489","3444489","3444489","363","1","A","AB3_v2.2","","intergenic","-1","SE8012_J5079","","","SNP"
"","","","","","","","","","5.60612679e-02","ACIAD3520/ACIAD3521","intergenic (+36/-180)","hypothetical protein/hypothetical protein",">/>","","","ACIAD3521","","ACIAD3520/ACIAD3521","","","ACIAD3521","snp_intergenic","","17","1","A","","3506097","3506097","3506097","189","1","T","AB3_v2.2","","intergenic","-1","SE8012_J5079","","","SNP"
"","","","","","","","","","1.44310951e-01","ACIAD3657/purK","intergenic (-476/+74)","membrane-bound lytic murein transglycosylase/phosphoribosylaminoimidazole carboxylase ATPase subunit","</<","","","","","ACIAD3657/ACIAD3658","","","","snp_intergenic","","58","1","T","","3632070","3632070","3632070","233","1","G","AB3_v2.2","","intergenic","-1","SE8012_J5079","","","SNP"
"","","","","","","","","","1.20139599e-01","ACIAD0074/rmlB","intergenic (+1053/-224)","glycosyl transferase/dTDP-D-glucose-4,6-dehydratase",">/>","","","rmlB","","ACIAD0074/ACIAD0076","","","ACIAD0076","snp_intergenic","","90","1","A","","72346","72346","72346","466","1","C","AB3_v2.2","","intergenic","-1","SE8013_J5079","","","SNP"
"V","129","G","","GTA","129","2","","GGA","5.86404800e-02","ACIAD0119","386","major fimbrial subunit protein precursor",">","","ACIAD0119","","","ACIAD0119","","ACIAD0119","","snp_nonsynonymous","","46","1","T","","120765","120765","120765","339","1","G","AB3_v2.2","","nonsynonymous","-1","SE8013_J5079","11","","SNP"
"F","795","S","","TTT","795","2","","TCT","1","rpoB","2384","DNA-directed RNA polymerase subunit beta",">","","rpoB","","","ACIAD0307","","ACIAD0307","","snp_nonsynonymous","","590","1","T","","304524","304524","304524","10","1","C","AB3_v2.2","","nonsynonymous","-1","SE8013_J5079","11","","SNP"
"","","","","","","","","","7.13300705e-02","ACIAD0537/fumA","intergenic (-116/+32)","signal peptide/fumarate hydratase","</<","","","ACIAD0537","","ACIAD0537/ACIAD0538","","","ACIAD0537","snp_intergenic","","50","1","A","","523565","523565","523565","360","1","C","AB3_v2.2","","intergenic","-1","SE8013_J5079","","","SNP"
"H","181","L","","CAC","181","2","","CTC","9.99798775e-02","ACIAD0549","542","hydrolase",">","","ACIAD0549","","","ACIAD0549","","ACIAD0549","","snp_nonsynonymous","","62","1","A","","539425","539425","539425","357","1","T","AB3_v2.2","","nonsynonymous","-1","SE8013_J5079","11","","SNP"
"M","251","L","","ATG","251","1","","CTG","1.21758938e-01","ACIAD0564","751","PQQ repeat-containing protein",">","","ACIAD0564","","","ACIAD0564","","ACIAD0564","","snp_nonsynonymous","","76","1","A","","554394","554394","554394","347","1","C","AB3_v2.2","","nonsynonymous","-1","SE8013_J5079","11","","SNP"
"","","","","","","","","","5.82175255e-02","ACIAD0655/ACIADrRNA16S_1","intergenic (-312/-245)","hypothetical protein/16S","</>","","","","","ACIAD0655/ACIADrRNA16S_1","","","","snp_intergenic","","6","1","T","","644232","644232","644232","97","1","G","AB3_v2.2","","intergenic","-1","SE8013_J5079","","","SNP"
"","","","","","","","","","3.31573009e-01","ACIADrRNA16S_1/ACIADtRNAIle_1","intergenic (+18/-44)","16S/tRNA-Ile",">/>","","","ACIADtRNAIle_1","","ACIADrRNA16S_1/ACIADtRNAIle_1","","","ACIADtRNAIle_1","snp_intergenic","","436","1","T","","646024","646024","646024","881","1","C","AB3_v2.2","","intergenic","-1","SE8013_J5079","","","SNP"
"I","53","I","","ATA","53","3","","ATC","5.00450134e-02","ACIAD0905","159","glutamine amidotransferase",">","","ACIAD0905","","","ACIAD0905","","ACIAD0905","","snp_synonymous","","42","1","A","","887411","887411","887411","329","1","C","AB3_v2.2","","synonymous","-1","SE8013_J5079","11","","SNP"
"T","113","P","","ACG","113","1","","CCG","8.50582123e-02","ACIAD1132","337","hypothetical protein",">","","ACIAD1132","","","ACIAD1132","","ACIAD1132","","snp_nonsynonymous","","52","1","A","","1117172","1117172","1117172","288","1","C","AB3_v2.2","","nonsynonymous","-1","SE8013_J5079","11","","SNP"
"S","117","A","","TCA","117","1","","GCA","9.03873444e-02","ACIAD1132","349","hypothetical protein",">","","ACIAD1132","","","ACIAD1132","","ACIAD1132","","snp_nonsynonymous","","46","1","T","","1117184","1117184","1117184","293","1","G","AB3_v2.2","","nonsynonymous","-1","SE8013_J5079","11","","SNP"
"F","1004","L","","TTT","1004","3","","TTG","5.15117645e-02","ACIAD1138","3012","soluble lytic murein transglycosylase",">","","ACIAD1138","","","ACIAD1138","","ACIAD1138","","snp_nonsynonymous","","39","1","T","","1126005","1126005","1126005","323","1","G","AB3_v2.2","","nonsynonymous","-1","SE8013_J5079","11","","SNP"
"","","","","","","","","","1","ACIAD1233/ACIAD1235","intergenic (-640/-1285)","signal peptide/hypothetical protein","</>","","","","","ACIAD1233/ACIAD1235","","","","snp_intergenic","","324","1","C","","1286246","1286246","1286246","0","1","N","AB3_v2.2","","intergenic","-1","SE8013_J5079","","","SNP"
"I","324","R","","ATA","324","2","","AGA","6.49313927e-02","lpxD","971","UDP-3-O-[3-hydroxymyristoyl] glucosamine N-acyltransferase",">","","lpxD","","","ACIAD1380","","ACIAD1380","","snp_nonsynonymous","","30","1","T","","1427997","1427997","1427997","204","1","G","AB3_v2.2","","nonsynonymous","-1","SE8013_J5079","11","","SNP"
"*","506","E","","TAA","506","1","","GAA","5.44867516e-02","ACIAD1672","1516","haloacid dehalogenase",">","ACIAD1672","","","","ACIAD1672","ACIAD1672","","","snp_nonsense","","36","1","T","","1729304","1729304","1729304","309","1","G","AB3_v2.2","","nonsense","-1","SE8013_J5079","11","","SNP"
"I","523","I","","ATA","523","3","","ATC","5.13758659e-02","ACIAD1672","1569","haloacid dehalogenase",">","","ACIAD1672","","","ACIAD1672","","ACIAD1672","","snp_synonymous","","34","1","A","","1729357","1729357","1729357","309","1","C","AB3_v2.2","","synonymous","-1","SE8013_J5079","11","","SNP"
"","","","","","","","","","1","ACIAD1679/mucK","intergenic (+835/+1231)","hypothetical protein/major facilitator superfamily cis,cis-muconate transporter",">/<","","","mucK","","ACIAD1679/ACIAD1681","","","ACIAD1681","snp_intergenic","","180","1","G","","1735226","1735226","1735226","0","1","N","AB3_v2.2","","intergenic","-1","SE8013_J5079","","","SNP"
"","","","","","","","","","5.78026772e-02","ACIAD2100/ACIAD2101","intergenic (+47/+17)","major facilitator superfamily permease/3-oxoacyl-ACP synthase",">/<","","","ACIAD2101","","ACIAD2100/ACIAD2101","","","ACIAD2101","snp_intergenic","","29","1","A","","2139419","2139419","2139419","251","1","C","AB3_v2.2","","intergenic","-1","SE8013_J5079","","","SNP"
"","","","","","","","","","1.38718128e-01","ACIAD2100/ACIAD2101","intergenic (+52/+12)","major facilitator superfamily permease/3-oxoacyl-ACP synthase",">/<","","","ACIAD2101","","ACIAD2100/ACIAD2101","","","ACIAD2101","snp_intergenic","","52","1","T","","2139424","2139424","2139424","222","1","G","AB3_v2.2","","intergenic","-1","SE8013_J5079","","","SNP"
"","","","","","","","","","1","ACIAD2249/ACIAD2251","intergenic (-741/+1215)","hypothetical protein/hypothetical protein","</<","","","","","ACIAD2249/ACIAD2251","","","","snp_intergenic","","247","1","T","","2273478","2273478","2273478","0","1","N","AB3_v2.2","","intergenic","-1","SE8013_J5079","","","SNP"
"*","14","E","","TAA","14","1","","GAA","1.43797398e-01","ACIAD2300","40","hypothetical protein","<","ACIAD2300","","","","ACIAD2300","ACIAD2300","","","snp_nonsense","","52","1","A","","2323233","2323233","2323233","204","1","C","AB3_v2.2","","nonsense","-1","SE8013_J5079","11","","SNP"
"","","","","","","","","","6.44068718e-02","ACIAD2484/ACIAD2500","intergenic (+3334/+1840)","hypothetical protein/two-component response regulator protein",">/<","","","ACIAD2500","","ACIAD2484/ACIAD2500","","","ACIAD2500","snp_intergenic","","27","1","A","","2503914","2503914","2503914","374","1","C","AB3_v2.2","","intergenic","-1","SE8013_J5079","","","SNP"
"","","","","","","","","","1","ACIAD2484/ACIAD2500","intergenic (+4508/+618)","hypothetical protein/two-component response regulator protein",">/<","","","ACIAD2500","","ACIAD2484/ACIAD2500","","","ACIAD2500","small_indel","","498","1","","","2505088","2505136","2505088","0","2","49-bp","AB3_v2.2","49","","-1","SE8013_J5079","","","DEL"
"","","","","","","","","","1.73457390e-01","ACIAD2484/ACIAD2500","intergenic (+4615/+529)","hypothetical protein/two-component response regulator protein",">/<","","","ACIAD2500","","ACIAD2484/ACIAD2500","","","ACIAD2500","small_indel","","29","1","TGCGAGTTCAAACTTCTTTAAAGATGCAACA","","2505195","2505225","2505195","376","2","31-bp","AB3_v2.2","31","","-1","SE8013_J5079","","","SUB"
"Y","59","D","","TAT","59","1","","GAT","1.11696243e-01","nadB","175","L-aspartate oxidase",">","","nadB","","","ACIAD2587","","ACIAD2587","","snp_nonsynonymous","","62","1","T","","2597441","2597441","2597441","299","1","G","AB3_v2.2","","nonsynonymous","-1","SE8013_J5079","11","","SNP"
"","","","","","","","","","9.03005600e-01","tolR/tolB","intergenic (+498/-611)","group A colicins tolerance protein/translocation protein TolB",">/>","","","tolB","","ACIAD2620/ACIAD2622","","","ACIAD2622","snp_intergenic","","550","1","T","","2626604","2626604","2626604","0","1","N","AB3_v2.2","","intergenic","-1","SE8013_J5079","","","SNP"
"","","","","","","","","","5.91459274e-02","tolR/tolB","intergenic (+516/-593)","group A colicins tolerance protein/translocation protein TolB",">/>","","","tolB","","ACIAD2620/ACIAD2622","","","ACIAD2622","snp_intergenic","","83","1","T","","2626622","2626622","2626622","1166","1","G","AB3_v2.2","","intergenic","-1","SE8013_J5079","","","SNP"
"","","","","","","","","","5.91392517e-02","tolR/tolB","intergenic (+520/-589)","group A colicins tolerance protein/translocation protein TolB",">/>","","","tolB","","ACIAD2620/ACIAD2622","","","ACIAD2622","snp_intergenic","","64","1","A","","2626626","2626626","2626626","1017","1","G","AB3_v2.2","","intergenic","-1","SE8013_J5079","","","SNP"
"","","","","","","","","","9.38008130e-01","tolR/tolB","intergenic (+534/-575)","group A colicins tolerance protein/translocation protein TolB",">/>","","","tolB","1","ACIAD2620/ACIAD2622","","","ACIAD2622","large_insertion","","71","1","AACGAAGCCGAGGCTAAAGCAAAAGCCGAGGCTGCTGCTAAAGCCAAACGCGAAGCAGATGCTAAAGCAAAAGCCGAGGCTACTGCTAAAGCCAAAAACGAAGCAGAGGCCAAAGCAAAAGCCGAGGCTGCTGCTAAAGCCAAA","","2626640","2626640","2626640","183","2","A","AB3_v2.2","","","-1","SE8013_J5079","","","INS"
"","","","","","","","","","9.18566775e-01","tolR/tolB","intergenic (+535/-574)","group A colicins tolerance protein/translocation protein TolB",">/>","","","tolB","1","ACIAD2620/ACIAD2622","","","ACIAD2622","large_insertion","","94","1","ACGAAGCAGAGGCTAAAGCAAAAGCCGAGGCTGCTGCAAAAGCCAAACGCGAAGCAGATGCTAAAGCAAAAGCCGATGCTGCTGCTAAAGCCAAAAACGAAGCCGAGGCTAAAGCAAAAGCCGAGGCTGCTGCTAAAGCCAAAC","","2626641","2626641","2626641","195","2","C","AB3_v2.2","","","-1","SE8013_J5079","","","INS"
"","","","","","","","","","7.71229159e-01","tolR/tolB","intergenic (+545/-564)","group A colicins tolerance protein/translocation protein TolB",">/>","","","tolB","1","ACIAD2620/ACIAD2622","","","ACIAD2622","large_insertion","","51","1","GGCCAAAGCTAAAGCCGAGGCTACTGCTAAAGCCAAAAACGAAGCAGAGACCAAAGCTAAAGCCGAGGCTACTGCTAAAGCCAAACACGAAGCAGAGGCTAAAGCAAAAGCCGAGGCTGCTGCTAAAGCCAAACGCGAAGCAGA","","2626651","2626651","2626651","177","2","A","AB3_v2.2","","","-1","SE8013_J5079","","","INS"
"","","","","","","","","","8.51225853e-02","tolR/tolB","intergenic (+564/-545)","group A colicins tolerance protein/translocation protein TolB",">/>","","","tolB","","ACIAD2620/ACIAD2622","","","ACIAD2622","snp_intergenic","","34","1","T","","2626670","2626670","2626670","354","1","G","AB3_v2.2","","intergenic","-1","SE8013_J5079","","","SNP"
"","","","","","","","","","7.53796595e-01","tolR/tolB","intergenic (+567/-542)","group A colicins tolerance protein/translocation protein TolB",">/>","","","tolB","1","ACIAD2620/ACIAD2622","","","ACIAD2622","large_insertion","","28","1","ACTGCTAAAGCCAAAAACGAAGCAGAGGCCAAAGCAAAAGCCGAGGCTGCTGCTAAAGCCAAACGCGAAGCAGATGCTAAAGCAAAAGCCGAGGCTACTGCTAAAGCCAAACGCGAAGCAGATGCTAAAGCAAAAGCCGAGGCT","","2626673","2626673","2626673","107","2","T","AB3_v2.2","","","-1","SE8013_J5079","","","INS"
"","","","","","","","","","9.35381413e-01","tolR/tolB","intergenic (+568/-541)","group A colicins tolerance protein/translocation protein TolB",">/>","","","tolB","","ACIAD2620/ACIAD2622","","","ACIAD2622","snp_intergenic","","285","1","A","","2626674","2626674","2626674","0","1","N","AB3_v2.2","","intergenic","-1","SE8013_J5079","","","SNP"
"","","","","","","","","","1","tolR/tolB","intergenic (+580/-465)","group A colicins tolerance protein/translocation protein TolB",">/>","","","tolB","","ACIAD2620/ACIAD2622","","","ACIAD2622","small_indel","","272","1","AAAAACGAAGCAGAGGCCAAAGCAAAAGCCGATGCTGCT","","2626686","2626750","2626686","2","2","65-bp","AB3_v2.2","65","","-1","SE8013_J5079","","","SUB"
"","","","","","","","","","1","ACIADrRNA5S_3/ACIADtRNAAla_2","intergenic (-44/+3474)","5S/tRNA-Ala","</<","","","ACIADrRNA5S_3","","ACIADrRNA5S_3/ACIADtRNAAla_2","","","ACIADrRNA5S_3","small_indel","","766","2","GA","","2998629","2998630","2998629","0","2","NN","AB3_v2.2","2","","-1","SE8013_J5079","","","SUB"
"","","","","","","","","","1","ACIADrRNA5S_3/ACIADtRNAAla_2","intergenic (-64/+3455)","5S/tRNA-Ala","</<","","","ACIADrRNA5S_3","","ACIADrRNA5S_3/ACIADtRNAAla_2","","","ACIADrRNA5S_3","snp_intergenic","","465","1","T","","2998649","2998649","2998649","0","1","N","AB3_v2.2","","intergenic","-1","SE8013_J5079","","","SNP"
"","","","","","","","","","1","ACIADrRNA5S_3/ACIADtRNAAla_2","intergenic (-97/+3422)","5S/tRNA-Ala","</<","","","ACIADrRNA5S_3","","ACIADrRNA5S_3/ACIADtRNAAla_2","","","ACIADrRNA5S_3","snp_intergenic","","394","1","A","","2998682","2998682","2998682","5","1","C","AB3_v2.2","","intergenic","-1","SE8013_J5079","","","SNP"
"","","","","","","","","","1","ACIADrRNA5S_3/ACIADtRNAAla_2","intergenic (-113/+3406)","5S/tRNA-Ala","</<","","","ACIADrRNA5S_3","","ACIADrRNA5S_3/ACIADtRNAAla_2","","","ACIADrRNA5S_3","snp_intergenic","","305","1","T","","2998698","2998698","2998698","1","1","G","AB3_v2.2","","intergenic","-1","SE8013_J5079","","","SNP"
"","","","","","","","","","1","ACIADrRNA5S_3/ACIADtRNAAla_2","intergenic (-116/+3402)","5S/tRNA-Ala","</<","","","ACIADrRNA5S_3","","ACIADrRNA5S_3/ACIADtRNAAla_2","","","ACIADrRNA5S_3","small_indel","","611","2","TG","","2998701","2998702","2998701","0","2","AC","AB3_v2.2","2","","-1","SE8013_J5079","","","SUB"
"","","","","","","","","","1","ACIADrRNA5S_3/ACIADtRNAAla_2","intergenic (-119/+3399)","5S/tRNA-Ala","</<","","","ACIADrRNA5S_3","","ACIADrRNA5S_3/ACIADtRNAAla_2","","","ACIADrRNA5S_3","small_indel","","609","2","TC","","2998704","2998705","2998704","0","2","AG","AB3_v2.2","2","","-1","SE8013_J5079","","","SUB"
"","","","","","","","","","1","ACIADrRNA5S_3/ACIADtRNAAla_2","intergenic (-122/+3396)","5S/tRNA-Ala","</<","","","ACIADrRNA5S_3","","ACIADrRNA5S_3/ACIADtRNAAla_2","","","ACIADrRNA5S_3","small_indel","","612","2","AG","","2998707","2998708","2998707","0","2","TN","AB3_v2.2","2","","-1","SE8013_J5079","","","SUB"
"","","","","","","","","","1","ACIADrRNA5S_3/ACIADtRNAAla_2","intergenic (-125/+3394)","5S/tRNA-Ala","</<","","","ACIADrRNA5S_3","","ACIADrRNA5S_3/ACIADtRNAAla_2","","","ACIADrRNA5S_3","snp_intergenic","","303","1","C","","2998710","2998710","2998710","3","1","A","AB3_v2.2","","intergenic","-1","SE8013_J5079","","","SNP"
"","","","","","","","","","6.61740303e-02","ACIAD3076/ACIAD3077","intergenic (+59/+46)","hypothetical protein/hypothetical protein",">/<","","","ACIAD3077","","ACIAD3076/ACIAD3077","","","ACIAD3077","snp_intergenic","","42","1","T","","3060937","3060937","3060937","309","1","G","AB3_v2.2","","intergenic","-1","SE8013_J5079","","","SNP"
"","","","","","","","","","5.22494316e-02","ACIAD3076/ACIAD3077","intergenic (+60/+45)","hypothetical protein/hypothetical protein",">/<","","","ACIAD3077","","ACIAD3076/ACIAD3077","","","ACIAD3077","snp_intergenic","","29","1","T","","3060938","3060938","3060938","331","1","A","AB3_v2.2","","intergenic","-1","SE8013_J5079","","","SNP"
"Y","197","D","","TAT","197","1","","GAT","5.53541183e-02","ACIAD3151","589","hypothetical protein",">","","ACIAD3151","","","ACIAD3151","","ACIAD3151","","snp_nonsynonymous","","38","1","T","","3136955","3136955","3136955","338","1","G","AB3_v2.2","","nonsynonymous","-1","SE8013_J5079","11","","SNP"
"","","","","","","","","","6.17289543e-02","ACIAD3462/actP","intergenic (+13/+27)","hypothetical protein/acetate permease",">/<","","","actP","","ACIAD3462/ACIAD3463","","","ACIAD3463","snp_intergenic","","42","1","C","","3444489","3444489","3444489","419","1","A","AB3_v2.2","","intergenic","-1","SE8013_J5079","","","SNP"
"","","","","","","","","","8.69388580e-02","ACIAD3520/ACIAD3521","intergenic (+27/-189)","hypothetical protein/hypothetical protein",">/>","","","ACIAD3521","","ACIAD3520/ACIAD3521","","","ACIAD3521","snp_intergenic","","43","1","T","","3506088","3506088","3506088","262","1","G","AB3_v2.2","","intergenic","-1","SE8013_J5079","","","SNP"
"","","","","","","","","","1.44605160e-01","ACIAD3657/purK","intergenic (-487/+63)","membrane-bound lytic murein transglycosylase/phosphoribosylaminoimidazole carboxylase ATPase subunit","</<","","","","","ACIAD3657/ACIAD3658","","","","snp_intergenic","","67","1","T","","3632081","3632081","3632081","288","1","G","AB3_v2.2","","intergenic","-1","SE8013_J5079","","","SNP"
"*","101","Y","","TAA","101","3","","TAC","8.02278519e-02","ACIAD0120","303","pili assembly chaperone, required for type 1 fimbriae",">","ACIAD0120","","","","ACIAD0120","ACIAD0120","","","snp_nonsense","","47","1","A","","121318","121318","121318","305","1","C","AB3_v2.2","","nonsense","-1","SE8014_J5079","11","","SNP"
"N","105","K","","AAT","105","3","","AAG","1.09935760e-01","ACIAD0120","315","pili assembly chaperone, required for type 1 fimbriae",">","","ACIAD0120","","","ACIAD0120","","ACIAD0120","","snp_nonsynonymous","","55","1","T","","121330","121330","121330","303","1","G","AB3_v2.2","","nonsynonymous","-1","SE8014_J5079","11","","SNP"
"F","123","L","","TTT","123","3","","TTG","1.19499207e-01","ACIAD0120","369","pili assembly chaperone, required for type 1 fimbriae",">","","ACIAD0120","","","ACIAD0120","","ACIAD0120","","snp_nonsynonymous","","69","1","T","","121384","121384","121384","348","1","G","AB3_v2.2","","nonsynonymous","-1","SE8014_J5079","11","","SNP"
"","","","","","","","","","5.14969826e-02","xerD/ACIAD0267","intergenic (-37/-116)","site-specific tyrosine recombinase/ferrous iron transport protein A","</>","","","xerD","","ACIAD0266/ACIAD0267","","","ACIAD0266","snp_intergenic","","26","1","A","","267126","267126","267126","338","1","T","AB3_v2.2","","intergenic","-1","SE8014_J5079","","","SNP"
"","","","","","","","","","9.24701329e-01","rpoB","coding (1564/4083 nt)","DNA-directed RNA polymerase subunit beta",">","","rpoB","","1","ACIAD0307","","ACIAD0307","","small_indel","","379","1","TTA","","303704","303704","303704","62","2","A","AB3_v2.2","","","-1","SE8014_J5079","","","INS"
"","","","","","","","","","3.27418327e-01","ACIADrRNA16S_1/ACIADtRNAIle_1","intergenic (+18/-44)","16S/tRNA-Ile",">/>","","","ACIADtRNAIle_1","","ACIADrRNA16S_1/ACIADtRNAIle_1","","","ACIADtRNAIle_1","snp_intergenic","","392","1","T","","646024","646024","646024","806","1","C","AB3_v2.2","","intergenic","-1","SE8014_J5079","","","SNP"
"*","74","S","","TAA","74","2","","TCA","6.95600510e-02","ACIAD0905","221","glutamine amidotransferase",">","ACIAD0905","","","","ACIAD0905","ACIAD0905","","","snp_nonsense","","45","1","A","","887473","887473","887473","320","1","C","AB3_v2.2","","nonsense","-1","SE8014_J5079","11","","SNP"
"S","117","A","","TCA","117","1","","GCA","5.72390556e-02","ACIAD1132","349","hypothetical protein",">","","ACIAD1132","","","ACIAD1132","","ACIAD1132","","snp_nonsynonymous","","31","1","T","","1117184","1117184","1117184","266","1","G","AB3_v2.2","","nonsynonymous","-1","SE8014_J5079","11","","SNP"
"","","","","","","","","","1","ACIAD1233/ACIAD1235","intergenic (-640/-1285)","signal peptide/hypothetical protein","</>","","","","","ACIAD1233/ACIAD1235","","","","snp_intergenic","","270","1","C","","1286246","1286246","1286246","0","1","N","AB3_v2.2","","intergenic","-1","SE8014_J5079","","","SNP"
"I","361","I","","ATA","361","3","","ATC","5.98096848e-02","ACIAD1518","1083","sulfonate monooxygenase","<","","ACIAD1518","","","ACIAD1518","","ACIAD1518","","snp_synonymous","","35","1","T","","1568834","1568834","1568834","262","1","G","AB3_v2.2","","synonymous","-1","SE8014_J5079","11","","SNP"
"*","499","E","","TAA","499","1","","GAA","5.66267967e-02","ACIAD1672","1495","haloacid dehalogenase",">","ACIAD1672","","","","ACIAD1672","ACIAD1672","","","snp_nonsense","","37","1","T","","1729283","1729283","1729283","288","1","G","AB3_v2.2","","nonsense","-1","SE8014_J5079","11","","SNP"
"","","","","","","","","","1","ACIAD1679/mucK","intergenic (+835/+1231)","hypothetical protein/major facilitator superfamily cis,cis-muconate transporter",">/<","","","mucK","","ACIAD1679/ACIAD1681","","","ACIAD1681","snp_intergenic","","173","1","G","","1735226","1735226","1735226","0","1","N","AB3_v2.2","","intergenic","-1","SE8014_J5079","","","SNP"
"L","362","R","","CTT","362","2","","CGT","6.85124397e-02","ACIAD1764","1085","ferric siderophore receptor protein",">","","ACIAD1764","","","ACIAD1764","","ACIAD1764","","snp_nonsynonymous","","46","1","T","","1820622","1820622","1820622","312","1","G","AB3_v2.2","","nonsynonymous","-1","SE8014_J5079","11","","SNP"
"S","87","A","","TCA","87","1","","GCA","5.18698692e-02","ACIAD1954","259","tellurium resistance protein (TerF)","<","","ACIAD1954","","","ACIAD1954","","ACIAD1954","","snp_nonsynonymous","","36","1","A","","1993492","1993492","1993492","331","1","C","AB3_v2.2","","nonsynonymous","-1","SE8014_J5079","11","","SNP"
"","","","","","","","","","7.77459145e-02","ACIAD2100/ACIAD2101","intergenic (+44/+20)","major facilitator superfamily permease/3-oxoacyl-ACP synthase",">/<","","","ACIAD2101","","ACIAD2100/ACIAD2101","","","ACIAD2101","snp_intergenic","","39","1","T","","2139416","2139416","2139416","241","1","G","AB3_v2.2","","intergenic","-1","SE8014_J5079","","","SNP"
"","","","","","","","","","1.53601170e-01","ACIAD2100/ACIAD2101","intergenic (+52/+12)","major facilitator superfamily permease/3-oxoacyl-ACP synthase",">/<","","","ACIAD2101","","ACIAD2100/ACIAD2101","","","ACIAD2101","snp_intergenic","","58","1","T","","2139424","2139424","2139424","218","1","G","AB3_v2.2","","intergenic","-1","SE8014_J5079","","","SNP"
"","","","","","","","","","1","ACIAD2249/ACIAD2251","intergenic (-741/+1215)","hypothetical protein/hypothetical protein","</<","","","","","ACIAD2249/ACIAD2251","","","","snp_intergenic","","260","1","T","","2273478","2273478","2273478","0","1","N","AB3_v2.2","","intergenic","-1","SE8014_J5079","","","SNP"
"*","14","E","","TAA","14","1","","GAA","1.88867092e-01","ACIAD2300","40","hypothetical protein","<","ACIAD2300","","","","ACIAD2300","ACIAD2300","","","snp_nonsense","","76","1","A","","2323233","2323233","2323233","234","1","C","AB3_v2.2","","nonsense","-1","SE8014_J5079","11","","SNP"
"","","","","","","","","","1","ACIAD2484/ACIAD2500","intergenic (+4508/+618)","hypothetical protein/two-component response regulator protein",">/<","","","ACIAD2500","","ACIAD2484/ACIAD2500","","","ACIAD2500","small_indel","","512","1","","","2505088","2505136","2505088","0","2","49-bp","AB3_v2.2","49","","-1","SE8014_J5079","","","DEL"
"","","","","","","","","","9.02568340e-01","tolR/tolB","intergenic (+498/-611)","group A colicins tolerance protein/translocation protein TolB",">/>","","","tolB","","ACIAD2620/ACIAD2622","","","ACIAD2622","snp_intergenic","","472","1","T","","2626604","2626604","2626604","0","1","N","AB3_v2.2","","intergenic","-1","SE8014_J5079","","","SNP"
"","","","","","","","","","6.46748543e-02","tolR/tolB","intergenic (+516/-593)","group A colicins tolerance protein/translocation protein TolB",">/>","","","tolB","","ACIAD2620/ACIAD2622","","","ACIAD2622","snp_intergenic","","81","1","T","","2626622","2626622","2626622","1071","1","G","AB3_v2.2","","intergenic","-1","SE8014_J5079","","","SNP"
"","","","","","","","","","9.83586311e-02","tolR/tolB","intergenic (+520/-589)","group A colicins tolerance protein/translocation protein TolB",">/>","","","tolB","","ACIAD2620/ACIAD2622","","","ACIAD2622","snp_intergenic","","105","1","A","","2626626","2626626","2626626","954","1","G","AB3_v2.2","","intergenic","-1","SE8014_J5079","","","SNP"
"","","","","","","","","","1","tolR/tolB","intergenic (+534/-575)","group A colicins tolerance protein/translocation protein TolB",">/>","","","tolB","1","ACIAD2620/ACIAD2622","","","ACIAD2622","large_insertion","","76","1","AACGAAGCCGAGGCTAAAGCAAAAGCCGAGGCTGCTGCTAAAGCCAAACGCGAAGCAGATGCTAAAGCAAAAGCCGAGGCTACTGCTAAAGCCAAAAACGAAGCAGAGGCCAAAGCAAAAGCCGAGGCTGCTGCTAAAGCCAAA","","2626640","2626640","2626640","166","2","A","AB3_v2.2","","","-1","SE8014_J5079","","","INS"
"","","","","","","","","","9.35408435e-01","tolR/tolB","intergenic (+535/-574)","group A colicins tolerance protein/translocation protein TolB",">/>","","","tolB","1","ACIAD2620/ACIAD2622","","","ACIAD2622","large_insertion","","100","1","ACGAAGCAGAGGCTAAAGCAAAAGCCGAGGCTGCTGCAAAAGCCAAACGCGAAGCAGATGCTAAAGCAAAAGCCGATGCTGCTGCTAAAGCCAAAAACGAAGCCGAGGCTAAAGCAAAAGCCGAGGCTGCTGCTAAAGCCAAAC","","2626641","2626641","2626641","178","2","C","AB3_v2.2","","","-1","SE8014_J5079","","","INS"
"","","","","","","","","","8.31357848e-01","tolR/tolB","intergenic (+545/-564)","group A colicins tolerance protein/translocation protein TolB",">/>","","","tolB","1","ACIAD2620/ACIAD2622","","","ACIAD2622","large_insertion","","65","1","GGCCAAAGCTAAAGCCGAGGCTACTGCTAAAGCCAAAAACGAAGCAGAGACCAAAGCTAAAGCCGAGGCTACTGCTAAAGCCAAACACGAAGCAGAGGCTAAAGCAAAAGCCGAGGCTGCTGCTAAAGCCAAACGCGAAGCAGA","","2626651","2626651","2626651","161","2","A","AB3_v2.2","","","-1","SE8014_J5079","","","INS"
"","","","","","","","","","1.00087166e-01","tolR/tolB","intergenic (+564/-545)","group A colicins tolerance protein/translocation protein TolB",">/>","","","tolB","","ACIAD2620/ACIAD2622","","","ACIAD2622","snp_intergenic","","43","1","T","","2626670","2626670","2626670","341","1","G","AB3_v2.2","","intergenic","-1","SE8014_J5079","","","SNP"
"","","","","","","","","","8.43769766e-01","tolR/tolB","intergenic (+567/-542)","group A colicins tolerance protein/translocation protein TolB",">/>","","","tolB","1","ACIAD2620/ACIAD2622","","","ACIAD2622","large_insertion","","46","1","ACTGCTAAAGCCAAAAACGAAGCAGAGGCCAAAGCAAAAGCCGAGGCTGCTGCTAAAGCCAAACGCGAAGCAGATGCTAAAGCAAAAGCCGAGGCTACTGCTAAAGCCAAACGCGAAGCAGATGCTAAAGCAAAAGCCGAGGCT","","2626673","2626673","2626673","104","2","T","AB3_v2.2","","","-1","SE8014_J5079","","","INS"
"","","","","","","","","","9.01590347e-01","tolR/tolB","intergenic (+568/-541)","group A colicins tolerance protein/translocation protein TolB",">/>","","","tolB","","ACIAD2620/ACIAD2622","","","ACIAD2622","snp_intergenic","","265","1","A","","2626674","2626674","2626674","0","1","N","AB3_v2.2","","intergenic","-1","SE8014_J5079","","","SNP"
"","","","","","","","","","1","tolR/tolB","intergenic (+580/-465)","group A colicins tolerance protein/translocation protein TolB",">/>","","","tolB","","ACIAD2620/ACIAD2622","","","ACIAD2622","small_indel","","243","1","AAAAACGAAGCAGAGGCCAAAGCAAAAGCCGATGCTGCT","","2626686","2626750","2626686","2","2","65-bp","AB3_v2.2","65","","-1","SE8014_J5079","","","SUB"
"A","298","A","","GCT","298","3","","GCA","5.79552650e-02","ACIAD2651","894","hypothetical protein",">","","ACIAD2651","","","ACIAD2651","","ACIAD2651","","snp_synonymous","","40","1","T","","2657516","2657516","2657516","336","1","A","AB3_v2.2","","synonymous","-1","SE8014_J5079","11","","SNP"
"V","171","V","","GTT","171","3","","GTA","5.36403656e-02","ACIAD2721","513","hydrolase/monooxygenase","<","","ACIAD2721","","","ACIAD2721","","ACIAD2721","","snp_synonymous","","45","1","A","","2720875","2720875","2720875","360","1","T","AB3_v2.2","","synonymous","-1","SE8014_J5079","11","","SNP"
"I","271","M","","ATT","271","3","","ATG","6.70208931e-02","rpoD","813","sigma D (sigma 70) factor of RNA polymerase, major sigma factor during exponential growth",">","","rpoD","","","ACIAD2925","","ACIAD2925","","snp_nonsynonymous","","50","1","T","","2911865","2911865","2911865","382","1","G","AB3_v2.2","","nonsynonymous","-1","SE8014_J5079","11","","SNP"
"","","","","","","","","","1","ACIADrRNA5S_3/ACIADtRNAAla_2","intergenic (-44/+3474)","5S/tRNA-Ala","</<","","","ACIADrRNA5S_3","","ACIADrRNA5S_3/ACIADtRNAAla_2","","","ACIADrRNA5S_3","small_indel","","828","2","GA","","2998629","2998630","2998629","0","2","NN","AB3_v2.2","2","","-1","SE8014_J5079","","","SUB"
"","","","","","","","","","1","ACIADrRNA5S_3/ACIADtRNAAla_2","intergenic (-64/+3455)","5S/tRNA-Ala","</<","","","ACIADrRNA5S_3","","ACIADrRNA5S_3/ACIADtRNAAla_2","","","ACIADrRNA5S_3","snp_intergenic","","420","1","T","","2998649","2998649","2998649","0","1","N","AB3_v2.2","","intergenic","-1","SE8014_J5079","","","SNP"
"","","","","","","","","","1","ACIADrRNA5S_3/ACIADtRNAAla_2","intergenic (-97/+3422)","5S/tRNA-Ala","</<","","","ACIADrRNA5S_3","","ACIADrRNA5S_3/ACIADtRNAAla_2","","","ACIADrRNA5S_3","snp_intergenic","","345","1","A","","2998682","2998682","2998682","3","1","C","AB3_v2.2","","intergenic","-1","SE8014_J5079","","","SNP"
"","","","","","","","","","1","ACIADrRNA5S_3/ACIADtRNAAla_2","intergenic (-113/+3406)","5S/tRNA-Ala","</<","","","ACIADrRNA5S_3","","ACIADrRNA5S_3/ACIADtRNAAla_2","","","ACIADrRNA5S_3","snp_intergenic","","264","1","T","","2998698","2998698","2998698","1","1","G","AB3_v2.2","","intergenic","-1","SE8014_J5079","","","SNP"
"","","","","","","","","","1","ACIADrRNA5S_3/ACIADtRNAAla_2","intergenic (-116/+3402)","5S/tRNA-Ala","</<","","","ACIADrRNA5S_3","","ACIADrRNA5S_3/ACIADtRNAAla_2","","","ACIADrRNA5S_3","small_indel","","531","2","TG","","2998701","2998702","2998701","1","2","AC","AB3_v2.2","2","","-1","SE8014_J5079","","","SUB"
"","","","","","","","","","1","ACIADrRNA5S_3/ACIADtRNAAla_2","intergenic (-119/+3399)","5S/tRNA-Ala","</<","","","ACIADrRNA5S_3","","ACIADrRNA5S_3/ACIADtRNAAla_2","","","ACIADrRNA5S_3","small_indel","","529","2","TC","","2998704","2998705","2998704","2","2","AG","AB3_v2.2","2","","-1","SE8014_J5079","","","SUB"
"","","","","","","","","","1","ACIADrRNA5S_3/ACIADtRNAAla_2","intergenic (-122/+3396)","5S/tRNA-Ala","</<","","","ACIADrRNA5S_3","","ACIADrRNA5S_3/ACIADtRNAAla_2","","","ACIADrRNA5S_3","small_indel","","529","2","AG","","2998707","2998708","2998707","0","2","TN","AB3_v2.2","2","","-1","SE8014_J5079","","","SUB"
"","","","","","","","","","1","ACIADrRNA5S_3/ACIADtRNAAla_2","intergenic (-125/+3394)","5S/tRNA-Ala","</<","","","ACIADrRNA5S_3","","ACIADrRNA5S_3/ACIADtRNAAla_2","","","ACIADrRNA5S_3","snp_intergenic","","266","1","C","","2998710","2998710","2998710","0","1","A","AB3_v2.2","","intergenic","-1","SE8014_J5079","","","SNP"
"V","183","D","","GTT","183","2","","GAT","1.06579781e-01","ACIAD3059","548","hypothetical protein","<","","ACIAD3059","","","ACIAD3059","","ACIAD3059","","snp_nonsynonymous","","42","1","A","","3042882","3042882","3042882","281","1","T","AB3_v2.2","","nonsynonymous","-1","SE8014_J5079","11","","SNP"
"I","444","R","","ATA","444","2","","AGA","8.04204941e-02","secY","1331","preprotein translocase subunit SecY","<","","secY","","","ACIAD3199","","ACIAD3199","","snp_nonsynonymous","","44","1","A","","3181139","3181139","3181139","238","1","C","AB3_v2.2","","nonsynonymous","-1","SE8014_J5079","11","","SNP"
"F","1265","L","","TTT","1265","3","","TTG","5.10511398e-02","comC","3795","competence factor involved in DNA binding and uptake","<","","comC","","","ACIAD3316","","ACIAD3316","","snp_nonsynonymous","","43","1","A","","3277418","3277418","3277418","414","1","C","AB3_v2.2","","nonsynonymous","-1","SE8014_J5079","11","","SNP"
"","","","","","","","","","1.07998848e-01","ACIAD3520/ACIAD3521","intergenic (+27/-189)","hypothetical protein/hypothetical protein",">/>","","","ACIAD3521","","ACIAD3520/ACIAD3521","","","ACIAD3521","snp_intergenic","","50","1","T","","3506088","3506088","3506088","248","1","G","AB3_v2.2","","intergenic","-1","SE8014_J5079","","","SNP"
"","","","","","","","","","9.26265717e-02","ACIAD3520/ACIAD3521","intergenic (+33/-183)","hypothetical protein/hypothetical protein",">/>","","","ACIAD3521","","ACIAD3520/ACIAD3521","","","ACIAD3521","snp_intergenic","","45","1","T","","3506094","3506094","3506094","246","1","G","AB3_v2.2","","intergenic","-1","SE8014_J5079","","","SNP"
"","","","","","","","","","7.20243454e-02","ACIAD3520/ACIAD3521","intergenic (+35/-181)","hypothetical protein/hypothetical protein",">/>","","","ACIAD3521","","ACIAD3520/ACIAD3521","","","ACIAD3521","snp_intergenic","","35","1","A","","3506096","3506096","3506096","266","1","C","AB3_v2.2","","intergenic","-1","SE8014_J5079","","","SNP"
"","","","","","","","","","5.58314323e-02","ACIAD3520/ACIAD3521","intergenic (+36/-180)","hypothetical protein/hypothetical protein",">/>","","","ACIAD3521","","ACIAD3520/ACIAD3521","","","ACIAD3521","snp_intergenic","","26","1","A","","3506097","3506097","3506097","273","1","T","AB3_v2.2","","intergenic","-1","SE8014_J5079","","","SNP"
"H","136","L","","CAT","136","2","","CTT","5.77797890e-02","ACIAD3543","407","hypothetical protein",">","","ACIAD3543","","","ACIAD3543","","ACIAD3543","","snp_nonsynonymous","","42","1","A","","3525074","3525074","3525074","335","1","T","AB3_v2.2","","nonsynonymous","-1","SE8014_J5079","11","","SNP"
"N","105","K","","AAT","105","3","","AAG","1.19492054e-01","ACIAD0120","315","pili assembly chaperone, required for type 1 fimbriae",">","","ACIAD0120","","","ACIAD0120","","ACIAD0120","","snp_nonsynonymous","","55","1","T","","121330","121330","121330","264","1","G","AB3_v2.2","","nonsynonymous","-1","SE8015_J5079","11","","SNP"
"P","519","S","","CCT","519","1","","TCT","1","rpoB","1555","DNA-directed RNA polymerase subunit beta",">","","rpoB","","","ACIAD0307","","ACIAD0307","","snp_nonsynonymous","","382","1","C","","303695","303695","303695","4","1","T","AB3_v2.2","","nonsynonymous","-1","SE8015_J5079","11","","SNP"
"Q","87","Q","","CAA","87","3","","CAG","1","ACIAD0331","261","dithiol-disulfide isomerase involved in polyketide biosynthesis","<","","ACIAD0331","","","ACIAD0331","","ACIAD0331","","snp_synonymous","","335","1","T","","325669","325669","325669","1","1","C","AB3_v2.2","","synonymous","-1","SE8015_J5079","11","","SNP"
"","","","","","","","","","3.40170383e-01","ACIADrRNA16S_1/ACIADtRNAIle_1","intergenic (+18/-44)","16S/tRNA-Ile",">/>","","","ACIADtRNAIle_1","","ACIADrRNA16S_1/ACIADtRNAIle_1","","","ACIADtRNAIle_1","snp_intergenic","","364","1","T","","646024","646024","646024","708","1","C","AB3_v2.2","","intergenic","-1","SE8015_J5079","","","SNP"
"F","223","L","","TTT","223","3","","TTG","7.80949593e-02","ACIAD0844","669","GntR family transcriptional regulator",">","","ACIAD0844","","","ACIAD0844","","ACIAD0844","","snp_nonsynonymous","","57","1","T","","829527","829527","829527","379","1","G","AB3_v2.2","","nonsynonymous","-1","SE8015_J5079","11","","SNP"
"","","","","","","","","","5.41915894e-02","pilU/pilT","intergenic (-30/+7)","twitching motility protein/twitching motility protein","</<","","","pilU","","ACIAD0911/ACIAD0912","","","ACIAD0911","snp_intergenic","","35","1","T","","891835","891835","891835","297","1","G","AB3_v2.2","","intergenic","-1","SE8015_J5079","","","SNP"
"","","","","","","","","","1","ACIAD1233/ACIAD1235","intergenic (-640/-1285)","signal peptide/hypothetical protein","</>","","","","","ACIAD1233/ACIAD1235","","","","snp_intergenic","","248","1","C","","1286246","1286246","1286246","0","1","N","AB3_v2.2","","intergenic","-1","SE8015_J5079","","","SNP"
"","","","","","","","","","1","ACIAD1679/mucK","intergenic (+835/+1231)","hypothetical protein/major facilitator superfamily cis,cis-muconate transporter",">/<","","","mucK","","ACIAD1679/ACIAD1681","","","ACIAD1681","snp_intergenic","","151","1","G","","1735226","1735226","1735226","0","1","N","AB3_v2.2","","intergenic","-1","SE8015_J5079","","","SNP"
"","","","","","","","","","1.23764038e-01","ACIAD2100/ACIAD2101","intergenic (+34/+30)","major facilitator superfamily permease/3-oxoacyl-ACP synthase",">/<","","","ACIAD2101","","ACIAD2100/ACIAD2101","","","ACIAD2101","snp_intergenic","","36","1","T","","2139406","2139406","2139406","210","1","G","AB3_v2.2","","intergenic","-1","SE8015_J5079","","","SNP"
"","","","","","","","","","1","ACIAD2249/ACIAD2251","intergenic (-741/+1215)","hypothetical protein/hypothetical protein","</<","","","","","ACIAD2249/ACIAD2251","","","","snp_intergenic","","256","1","T","","2273478","2273478","2273478","0","1","N","AB3_v2.2","","intergenic","-1","SE8015_J5079","","","SNP"
"","","","","","","","","","6.40335083e-02","glnA/ACIAD2460","intergenic (-596/-27)","glutamine synthetase/hypothetical protein","</>","","","","","ACIAD2458/ACIAD2460","","","","snp_intergenic","","31","1","A","","2474887","2474887","2474887","289","1","C","AB3_v2.2","","intergenic","-1","SE8015_J5079","","","SNP"
"","","","","","","","","","5.12900352e-02","glnA/ACIAD2460","intergenic (-604/-19)","glutamine synthetase/hypothetical protein","</>","","","","","ACIAD2458/ACIAD2460","","","","snp_intergenic","","32","1","T","","2474895","2474895","2474895","271","1","G","AB3_v2.2","","intergenic","-1","SE8015_J5079","","","SNP"
"","","","","","","","","","1","ACIAD2484/ACIAD2500","intergenic (+4508/+618)","hypothetical protein/two-component response regulator protein",">/<","","","ACIAD2500","","ACIAD2484/ACIAD2500","","","ACIAD2500","small_indel","","476","1","","","2505088","2505136","2505088","0","2","49-bp","AB3_v2.2","49","","-1","SE8015_J5079","","","DEL"
"","","","","","","","","","9.14360523e-01","tolR/tolB","intergenic (+498/-611)","group A colicins tolerance protein/translocation protein TolB",">/>","","","tolB","","ACIAD2620/ACIAD2622","","","ACIAD2622","snp_intergenic","","458","1","T","","2626604","2626604","2626604","0","1","N","AB3_v2.2","","intergenic","-1","SE8015_J5079","","","SNP"
"","","","","","","","","","5.22055626e-02","tolR/tolB","intergenic (+516/-593)","group A colicins tolerance protein/translocation protein TolB",">/>","","","tolB","","ACIAD2620/ACIAD2622","","","ACIAD2622","snp_intergenic","","60","1","T","","2626622","2626622","2626622","974","1","G","AB3_v2.2","","intergenic","-1","SE8015_J5079","","","SNP"
"","","","","","","","","","1.00887775e-01","tolR/tolB","intergenic (+520/-589)","group A colicins tolerance protein/translocation protein TolB",">/>","","","tolB","","ACIAD2620/ACIAD2622","","","ACIAD2622","snp_intergenic","","96","1","A","","2626626","2626626","2626626","850","1","G","AB3_v2.2","","intergenic","-1","SE8015_J5079","","","SNP"
"","","","","","","","","","1","tolR/tolB","intergenic (+534/-575)","group A colicins tolerance protein/translocation protein TolB",">/>","","","tolB","1","ACIAD2620/ACIAD2622","","","ACIAD2622","large_insertion","","82","1","AACGAAGCCGAGGCTAAAGCAAAAGCCGAGGCTGCTGCTAAAGCCAAACGCGAAGCAGATGCTAAAGCAAAAGCCGAGGCTACTGCTAAAGCCAAAAACGAAGCAGAGGCCAAAGCAAAAGCCGAGGCTGCTGCTAAAGCCAAA","","2626640","2626640","2626640","163","2","A","AB3_v2.2","","","-1","SE8015_J5079","","","INS"
"","","","","","","","","","9.13032857e-01","tolR/tolB","intergenic (+535/-574)","group A colicins tolerance protein/translocation protein TolB",">/>","","","tolB","1","ACIAD2620/ACIAD2622","","","ACIAD2622","large_insertion","","65","1","ACGAAGCAGAGGCTAAAGCAAAAGCCGAGGCTGCTGCAAAAGCCAAACGCGAAGCAGATGCTAAAGCAAAAGCCGATGCTGCTGCTAAAGCCAAAAACGAAGCCGAGGCTAAAGCAAAAGCCGAGGCTGCTGCTAAAGCCAAAC","","2626641","2626641","2626641","178","2","C","AB3_v2.2","","","-1","SE8015_J5079","","","INS"
"","","","","","","","","","8.37757748e-01","tolR/tolB","intergenic (+545/-564)","group A colicins tolerance protein/translocation protein TolB",">/>","","","tolB","1","ACIAD2620/ACIAD2622","","","ACIAD2622","large_insertion","","59","1","GGCCAAAGCTAAAGCCGAGGCTACTGCTAAAGCCAAAAACGAAGCAGAGACCAAAGCTAAAGCCGAGGCTACTGCTAAAGCCAAACACGAAGCAGAGGCTAAAGCAAAAGCCGAGGCTGCTGCTAAAGCCAAACGCGAAGCAGA","","2626651","2626651","2626651","146","2","A","AB3_v2.2","","","-1","SE8015_J5079","","","INS"
"","","","","","","","","","7.44023323e-02","tolR/tolB","intergenic (+564/-545)","group A colicins tolerance protein/translocation protein TolB",">/>","","","tolB","","ACIAD2620/ACIAD2622","","","ACIAD2622","snp_intergenic","","31","1","T","","2626670","2626670","2626670","346","1","G","AB3_v2.2","","intergenic","-1","SE8015_J5079","","","SNP"
"","","","","","","","","","8.71740449e-01","tolR/tolB","intergenic (+567/-542)","group A colicins tolerance protein/translocation protein TolB",">/>","","","tolB","1","ACIAD2620/ACIAD2622","","","ACIAD2622","large_insertion","","50","1","ACTGCTAAAGCCAAAAACGAAGCAGAGGCCAAAGCAAAAGCCGAGGCTGCTGCTAAAGCCAAACGCGAAGCAGATGCTAAAGCAAAAGCCGAGGCTACTGCTAAAGCCAAACGCGAAGCAGATGCTAAAGCAAAAGCCGAGGCT","","2626673","2626673","2626673","94","2","T","AB3_v2.2","","","-1","SE8015_J5079","","","INS"
"","","","","","","","","","9.20847893e-01","tolR/tolB","intergenic (+568/-541)","group A colicins tolerance protein/translocation protein TolB",">/>","","","tolB","","ACIAD2620/ACIAD2622","","","ACIAD2622","snp_intergenic","","255","1","A","","2626674","2626674","2626674","0","1","N","AB3_v2.2","","intergenic","-1","SE8015_J5079","","","SNP"
"","","","","","","","","","1","tolR/tolB","intergenic (+580/-465)","group A colicins tolerance protein/translocation protein TolB",">/>","","","tolB","","ACIAD2620/ACIAD2622","","","ACIAD2622","small_indel","","232","1","AAAAACGAAGCAGAGGCCAAAGCAAAAGCCGATGCTGCT","","2626686","2626750","2626686","0","2","65-bp","AB3_v2.2","65","","-1","SE8015_J5079","","","SUB"
"N","338","K","","AAT","338","3","","AAA","5.37996292e-02","ACIAD2672","1014","transcriptional regulator",">","","ACIAD2672","","","ACIAD2672","","ACIAD2672","","snp_nonsynonymous","","36","1","T","","2679370","2679370","2679370","325","1","A","AB3_v2.2","","nonsynonymous","-1","SE8015_J5079","11","","SNP"
"*","350","E","","TAA","350","1","","GAA","1.03652000e-01","ACIAD2672","1048","transcriptional regulator",">","","ACIAD2672","","","ACIAD2672","","ACIAD2672","","snp_nonsense","","49","1","T","","2679404","2679404","2679404","241","1","G","AB3_v2.2","","nonsense","-1","SE8015_J5079","11","","SNP"
"","","","","","","","","","1","ACIADrRNA5S_3/ACIADtRNAAla_2","intergenic (-44/+3474)","5S/tRNA-Ala","</<","","","ACIADrRNA5S_3","","ACIADrRNA5S_3/ACIADtRNAAla_2","","","ACIADrRNA5S_3","small_indel","","659","2","GA","","2998629","2998630","2998629","0","2","NN","AB3_v2.2","2","","-1","SE8015_J5079","","","SUB"
"","","","","","","","","","1","ACIADrRNA5S_3/ACIADtRNAAla_2","intergenic (-64/+3455)","5S/tRNA-Ala","</<","","","ACIADrRNA5S_3","","ACIADrRNA5S_3/ACIADtRNAAla_2","","","ACIADrRNA5S_3","snp_intergenic","","325","1","T","","2998649","2998649","2998649","0","1","N","AB3_v2.2","","intergenic","-1","SE8015_J5079","","","SNP"
"","","","","","","","","","1","ACIADrRNA5S_3/ACIADtRNAAla_2","intergenic (-97/+3422)","5S/tRNA-Ala","</<","","","ACIADrRNA5S_3","","ACIADrRNA5S_3/ACIADtRNAAla_2","","","ACIADrRNA5S_3","snp_intergenic","","275","1","A","","2998682","2998682","2998682","1","1","C","AB3_v2.2","","intergenic","-1","SE8015_J5079","","","SNP"
"","","","","","","","","","1","ACIADrRNA5S_3/ACIADtRNAAla_2","intergenic (-113/+3406)","5S/tRNA-Ala","</<","","","ACIADrRNA5S_3","","ACIADrRNA5S_3/ACIADtRNAAla_2","","","ACIADrRNA5S_3","snp_intergenic","","230","1","T","","2998698","2998698","2998698","0","1","G","AB3_v2.2","","intergenic","-1","SE8015_J5079","","","SNP"
"","","","","","","","","","1","ACIADrRNA5S_3/ACIADtRNAAla_2","intergenic (-116/+3402)","5S/tRNA-Ala","</<","","","ACIADrRNA5S_3","","ACIADrRNA5S_3/ACIADtRNAAla_2","","","ACIADrRNA5S_3","small_indel","","460","2","TG","","2998701","2998702","2998701","0","2","AC","AB3_v2.2","2","","-1","SE8015_J5079","","","SUB"
"","","","","","","","","","1","ACIADrRNA5S_3/ACIADtRNAAla_2","intergenic (-119/+3399)","5S/tRNA-Ala","</<","","","ACIADrRNA5S_3","","ACIADrRNA5S_3/ACIADtRNAAla_2","","","ACIADrRNA5S_3","small_indel","","459","2","TC","","2998704","2998705","2998704","1","2","AG","AB3_v2.2","2","","-1","SE8015_J5079","","","SUB"
"","","","","","","","","","1","ACIADrRNA5S_3/ACIADtRNAAla_2","intergenic (-122/+3396)","5S/tRNA-Ala","</<","","","ACIADrRNA5S_3","","ACIADrRNA5S_3/ACIADtRNAAla_2","","","ACIADrRNA5S_3","small_indel","","460","2","AG","","2998707","2998708","2998707","0","2","TN","AB3_v2.2","2","","-1","SE8015_J5079","","","SUB"
"","","","","","","","","","1","ACIADrRNA5S_3/ACIADtRNAAla_2","intergenic (-125/+3394)","5S/tRNA-Ala","</<","","","ACIADrRNA5S_3","","ACIADrRNA5S_3/ACIADtRNAAla_2","","","ACIADrRNA5S_3","snp_intergenic","","229","1","C","","2998710","2998710","2998710","1","1","A","AB3_v2.2","","intergenic","-1","SE8015_J5079","","","SNP"
"R","176","L","","CGA","176","2","","CTA","6.63981438e-02","ACIAD3059","527","hypothetical protein","<","","ACIAD3059","","","ACIAD3059","","ACIAD3059","","snp_nonsynonymous","","33","1","C","","3042903","3042903","3042903","300","1","A","AB3_v2.2","","nonsynonymous","-1","SE8015_J5079","11","","SNP"
"","","","","","","","","","8.13045502e-02","ACIAD3462/actP","intergenic (+13/+27)","hypothetical protein/acetate permease",">/<","","","actP","","ACIAD3462/ACIAD3463","","","ACIAD3463","snp_intergenic","","40","1","C","","3444489","3444489","3444489","346","1","A","AB3_v2.2","","intergenic","-1","SE8015_J5079","","","SNP"
"","","","","","","","","","8.72502327e-02","ACIAD3520/ACIAD3521","intergenic (+27/-189)","hypothetical protein/hypothetical protein",">/>","","","ACIAD3521","","ACIAD3520/ACIAD3521","","","ACIAD3521","snp_intergenic","","34","1","T","","3506088","3506088","3506088","222","1","G","AB3_v2.2","","intergenic","-1","SE8015_J5079","","","SNP"
"","","","","","","","","","8.50539207e-02","ACIAD3657/purK","intergenic (-450/+100)","membrane-bound lytic murein transglycosylase/phosphoribosylaminoimidazole carboxylase ATPase subunit","</<","","","","","ACIAD3657/ACIAD3658","","","","snp_intergenic","","46","1","T","","3632044","3632044","3632044","267","1","G","AB3_v2.2","","intergenic","-1","SE8015_J5079","","","SNP"
"","","","","","","","","","3.20152283e-01","ACIADrRNA16S_1/ACIADtRNAIle_1","intergenic (+18/-44)","16S/tRNA-Ile",">/>","","","ACIADtRNAIle_1","","ACIADrRNA16S_1/ACIADtRNAIle_1","","","ACIADtRNAIle_1","snp_intergenic","","162","1","T","","646024","646024","646024","346","1","C","AB3_v2.2","","intergenic","-1","SE8016_J5079","","","SNP"
"","","","","","","","","","1","ACIAD1233/ACIAD1235","intergenic (-640/-1285)","signal peptide/hypothetical protein","</>","","","","","ACIAD1233/ACIAD1235","","","","snp_intergenic","","135","1","C","","1286246","1286246","1286246","0","1","N","AB3_v2.2","","intergenic","-1","SE8016_J5079","","","SNP"
"","","","","","","","","","1","ACIAD1679/mucK","intergenic (+835/+1231)","hypothetical protein/major facilitator superfamily cis,cis-muconate transporter",">/<","","","mucK","","ACIAD1679/ACIAD1681","","","ACIAD1681","snp_intergenic","","98","1","G","","1735226","1735226","1735226","0","1","N","AB3_v2.2","","intergenic","-1","SE8016_J5079","","","SNP"
"","","","","","","","","","1","ACIAD2249/ACIAD2251","intergenic (-741/+1215)","hypothetical protein/hypothetical protein","</<","","","","","ACIAD2249/ACIAD2251","","","","snp_intergenic","","142","1","T","","2273478","2273478","2273478","0","1","N","AB3_v2.2","","intergenic","-1","SE8016_J5079","","","SNP"
"","","","","","","","","","1","ACIAD2484/ACIAD2500","intergenic (+4508/+618)","hypothetical protein/two-component response regulator protein",">/<","","","ACIAD2500","","ACIAD2484/ACIAD2500","","","ACIAD2500","small_indel","","196","1","","","2505088","2505136","2505088","0","2","49-bp","AB3_v2.2","49","","-1","SE8016_J5079","","","DEL"
"","","","","","","","","","6.92791939e-02","tolR/tolB","intergenic (+495/-614)","group A colicins tolerance protein/translocation protein TolB",">/>","","","tolB","","ACIAD2620/ACIAD2622","","","ACIAD2622","snp_intergenic","","20","1","C","","2626601","2626601","2626601","253","1","A","AB3_v2.2","","intergenic","-1","SE8016_J5079","","","SNP"
"","","","","","","","","","7.84446716e-01","tolR/tolB","intergenic (+498/-611)","group A colicins tolerance protein/translocation protein TolB",">/>","","","tolB","","ACIAD2620/ACIAD2622","","","ACIAD2622","snp_intergenic","","215","1","T","","2626604","2626604","2626604","0","1","N","AB3_v2.2","","intergenic","-1","SE8016_J5079","","","SNP"
"","","","","","","","","","1.93615913e-01","tolR/tolB","intergenic (+501/-608)","group A colicins tolerance protein/translocation protein TolB",">/>","","","tolB","","ACIAD2620/ACIAD2622","","","ACIAD2622","snp_intergenic","","97","1","C","","2626607","2626607","2626607","409","1","T","AB3_v2.2","","intergenic","-1","SE8016_J5079","","","SNP"
"","","","","","","","","","7.12680817e-02","tolR/tolB","intergenic (+520/-589)","group A colicins tolerance protein/translocation protein TolB",">/>","","","tolB","","ACIAD2620/ACIAD2622","","","ACIAD2622","snp_intergenic","","37","1","A","","2626626","2626626","2626626","481","1","G","AB3_v2.2","","intergenic","-1","SE8016_J5079","","","SNP"
"","","","","","","","","","9.41860465e-01","tolR/tolB","intergenic (+535/-574)","group A colicins tolerance protein/translocation protein TolB",">/>","","","tolB","1","ACIAD2620/ACIAD2622","","","ACIAD2622","large_insertion","","54","1","ACGAAGCAGAGGCTAAAGCAAAAGCCGAGGCTGCTGCAAAAGCCAAACGCGAAGCAGATGCTAAAGCAAAAGCCGATGCTGCTGCTAAAGCCAAAAACGAAGCCGAGGCTAAAGCAAAAGCCGAGGCTGCTGCTAAAGCCAAAC","","2626641","2626641","2626641","78","2","C","AB3_v2.2","","","-1","SE8016_J5079","","","INS"
"","","","","","","","","","8.48549488e-01","tolR/tolB","intergenic (+545/-564)","group A colicins tolerance protein/translocation protein TolB",">/>","","","tolB","1","ACIAD2620/ACIAD2622","","","ACIAD2622","large_insertion","","34","1","GGCCAAAGCTAAAGCCGAGGCTACTGCTAAAGCCAAAAACGAAGCAGAGACCAAAGCTAAAGCCGAGGCTACTGCTAAAGCCAAACACGAAGCAGAGGCTAAAGCAAAAGCCGAGGCTGCTGCTAAAGCCAAACGCGAAGCAGA","","2626651","2626651","2626651","71","2","A","AB3_v2.2","","","-1","SE8016_J5079","","","INS"
"","","","","","","","","","1","tolR/tolB","intergenic (+568/-541)","group A colicins tolerance protein/translocation protein TolB",">/>","","","tolB","","ACIAD2620/ACIAD2622","","","ACIAD2622","snp_intergenic","","236","1","A","","2626674","2626674","2626674","0","1","N","AB3_v2.2","","intergenic","-1","SE8016_J5079","","","SNP"
"","","","","","","","","","1","tolR/tolB","intergenic (+580/-465)","group A colicins tolerance protein/translocation protein TolB",">/>","","","tolB","","ACIAD2620/ACIAD2622","","","ACIAD2622","small_indel","","134","1","AAAAACGAAGCAGAGGCCAAAGCAAAAGCCGATGCTGCT","","2626686","2626750","2626686","0","2","65-bp","AB3_v2.2","65","","-1","SE8016_J5079","","","SUB"
"","","","","","","","","","1","ACIADrRNA5S_3/ACIADtRNAAla_2","intergenic (-44/+3474)","5S/tRNA-Ala","</<","","","ACIADrRNA5S_3","","ACIADrRNA5S_3/ACIADtRNAAla_2","","","ACIADrRNA5S_3","small_indel","","302","2","GA","","2998629","2998630","2998629","0","2","NN","AB3_v2.2","2","","-1","SE8016_J5079","","","SUB"
"","","","","","","","","","1","ACIADrRNA5S_3/ACIADtRNAAla_2","intergenic (-64/+3455)","5S/tRNA-Ala","</<","","","ACIADrRNA5S_3","","ACIADrRNA5S_3/ACIADtRNAAla_2","","","ACIADrRNA5S_3","snp_intergenic","","150","1","T","","2998649","2998649","2998649","0","1","N","AB3_v2.2","","intergenic","-1","SE8016_J5079","","","SNP"
"","","","","","","","","","1","ACIADrRNA5S_3/ACIADtRNAAla_2","intergenic (-97/+3422)","5S/tRNA-Ala","</<","","","ACIADrRNA5S_3","","ACIADrRNA5S_3/ACIADtRNAAla_2","","","ACIADrRNA5S_3","snp_intergenic","","131","1","A","","2998682","2998682","2998682","2","1","C","AB3_v2.2","","intergenic","-1","SE8016_J5079","","","SNP"
"","","","","","","","","","1","ACIADrRNA5S_3/ACIADtRNAAla_2","intergenic (-113/+3406)","5S/tRNA-Ala","</<","","","ACIADrRNA5S_3","","ACIADrRNA5S_3/ACIADtRNAAla_2","","","ACIADrRNA5S_3","snp_intergenic","","116","1","T","","2998698","2998698","2998698","1","1","G","AB3_v2.2","","intergenic","-1","SE8016_J5079","","","SNP"
"","","","","","","","","","1","ACIADrRNA5S_3/ACIADtRNAAla_2","intergenic (-116/+3402)","5S/tRNA-Ala","</<","","","ACIADrRNA5S_3","","ACIADrRNA5S_3/ACIADtRNAAla_2","","","ACIADrRNA5S_3","small_indel","","232","2","TG","","2998701","2998702","2998701","2","2","AC","AB3_v2.2","2","","-1","SE8016_J5079","","","SUB"
"","","","","","","","","","1","ACIADrRNA5S_3/ACIADtRNAAla_2","intergenic (-119/+3399)","5S/tRNA-Ala","</<","","","ACIADrRNA5S_3","","ACIADrRNA5S_3/ACIADtRNAAla_2","","","ACIADrRNA5S_3","small_indel","","230","2","TC","","2998704","2998705","2998704","3","2","AG","AB3_v2.2","2","","-1","SE8016_J5079","","","SUB"
"","","","","","","","","","1","ACIADrRNA5S_3/ACIADtRNAAla_2","intergenic (-122/+3396)","5S/tRNA-Ala","</<","","","ACIADrRNA5S_3","","ACIADrRNA5S_3/ACIADtRNAAla_2","","","ACIADrRNA5S_3","small_indel","","232","2","AG","","2998707","2998708","2998707","1","2","TN","AB3_v2.2","2","","-1","SE8016_J5079","","","SUB"
"","","","","","","","","","1","ACIADrRNA5S_3/ACIADtRNAAla_2","intergenic (-125/+3394)","5S/tRNA-Ala","</<","","","ACIADrRNA5S_3","","ACIADrRNA5S_3/ACIADtRNAAla_2","","","ACIADrRNA5S_3","snp_intergenic","","116","1","C","","2998710","2998710","2998710","1","1","A","AB3_v2.2","","intergenic","-1","SE8016_J5079","","","SNP"
"","","","","","","","","","8.66923332e-02","ACIAD3520/ACIAD3521","intergenic (+35/-181)","hypothetical protein/hypothetical protein",">/>","","","ACIAD3521","","ACIAD3520/ACIAD3521","","","ACIAD3521","snp_intergenic","","13","1","A","","3506096","3506096","3506096","90","1","C","AB3_v2.2","","intergenic","-1","SE8016_J5079","","","SNP"
"","","","","","","","","","1.53450966e-01","ACIAD3657/purK","intergenic (-476/+74)","membrane-bound lytic murein transglycosylase/phosphoribosylaminoimidazole carboxylase ATPase subunit","</<","","","","","ACIAD3657/ACIAD3658","","","","snp_intergenic","","33","1","T","","3632070","3632070","3632070","125","1","G","AB3_v2.2","","intergenic","-1","SE8016_J5079","","","SNP"
"T","108","P","","ACC","108","1","","CCC","1.88656330e-01","ACIAD0120","322","pili assembly chaperone, required for type 1 fimbriae",">","","ACIAD0120","","","ACIAD0120","","ACIAD0120","","snp_nonsynonymous","","69","1","A","","121337","121337","121337","216","1","C","AB3_v2.2","","nonsynonymous","-1","SE8017_J5079","11","","SNP"
"F","123","L","","TTT","123","3","","TTG","8.45084190e-02","ACIAD0120","369","pili assembly chaperone, required for type 1 fimbriae",">","","ACIAD0120","","","ACIAD0120","","ACIAD0120","","snp_nonsynonymous","","40","1","T","","121384","121384","121384","279","1","G","AB3_v2.2","","nonsynonymous","-1","SE8017_J5079","11","","SNP"
"L","374","S","","TTG","374","2","","TCG","1","rpoC","1121","DNA-directed RNA polymerase subunit beta'",">","","rpoC","","","ACIAD0308","","ACIAD0308","","snp_nonsynonymous","","328","1","T","","307384","307384","307384","6","1","C","AB3_v2.2","","nonsynonymous","-1","SE8017_J5079","11","","SNP"
"S","186","R","","AGC","186","1","","CGC","1.08953476e-01","ACIAD0549","556","hydrolase",">","","ACIAD0549","","","ACIAD0549","","ACIAD0549","","snp_nonsynonymous","","50","1","A","","539439","539439","539439","243","1","C","AB3_v2.2","","nonsynonymous","-1","SE8017_J5079","11","","SNP"
"","","","","","","","","","3.05622578e-01","ACIADrRNA16S_1/ACIADtRNAIle_1","intergenic (+18/-44)","16S/tRNA-Ile",">/>","","","ACIADtRNAIle_1","","ACIADrRNA16S_1/ACIADtRNAIle_1","","","ACIADtRNAIle_1","snp_intergenic","","293","1","T","","646024","646024","646024","666","1","C","AB3_v2.2","","intergenic","-1","SE8017_J5079","","","SNP"
"S","117","A","","TCA","117","1","","GCA","5.53746223e-02","ACIAD1132","349","hypothetical protein",">","","ACIAD1132","","","ACIAD1132","","ACIAD1132","","snp_nonsynonymous","","25","1","T","","1117184","1117184","1117184","228","1","G","AB3_v2.2","","nonsynonymous","-1","SE8017_J5079","11","","SNP"
"","","","","","","","","","1","ACIAD1233/ACIAD1235","intergenic (-640/-1285)","signal peptide/hypothetical protein","</>","","","","","ACIAD1233/ACIAD1235","","","","snp_intergenic","","246","1","C","","1286246","1286246","1286246","0","1","N","AB3_v2.2","","intergenic","-1","SE8017_J5079","","","SNP"
"S","78","A","","TCA","78","1","","GCA","8.44802856e-02","salR","232","LysR family transcriptional regulator",">","","salR","","","ACIAD1425","","ACIAD1425","","snp_nonsynonymous","","31","1","T","","1471999","1471999","1471999","213","1","G","AB3_v2.2","","nonsynonymous","-1","SE8017_J5079","11","","SNP"
"","","","","","","","","","1","ACIAD1679/mucK","intergenic (+835/+1231)","hypothetical protein/major facilitator superfamily cis,cis-muconate transporter",">/<","","","mucK","","ACIAD1679/ACIAD1681","","","ACIAD1681","snp_intergenic","","144","1","G","","1735226","1735226","1735226","0","1","N","AB3_v2.2","","intergenic","-1","SE8017_J5079","","","SNP"
"","","","","","","","","","1","ACIAD2249/ACIAD2251","intergenic (-741/+1215)","hypothetical protein/hypothetical protein","</<","","","","","ACIAD2249/ACIAD2251","","","","snp_intergenic","","218","1","T","","2273478","2273478","2273478","0","1","N","AB3_v2.2","","intergenic","-1","SE8017_J5079","","","SNP"
"C","123","F","","TGT","123","2","","TTT","6.55465126e-02","xcpX","368","general secretion pathway protein K","<","","xcpX","","","ACIAD2354","","ACIAD2354","","snp_nonsynonymous","","25","1","C","","2368652","2368652","2368652","294","1","A","AB3_v2.2","","nonsynonymous","-1","SE8017_J5079","11","","SNP"
"","","","","","","","","","1","ACIAD2484/ACIAD2500","intergenic (+4508/+618)","hypothetical protein/two-component response regulator protein",">/<","","","ACIAD2500","","ACIAD2484/ACIAD2500","","","ACIAD2500","small_indel","","318","1","","","2505088","2505136","2505088","0","2","49-bp","AB3_v2.2","49","","-1","SE8017_J5079","","","DEL"
"","","","","","","","","","9.14055347e-01","tolR/tolB","intergenic (+498/-611)","group A colicins tolerance protein/translocation protein TolB",">/>","","","tolB","","ACIAD2620/ACIAD2622","","","ACIAD2622","snp_intergenic","","371","1","T","","2626604","2626604","2626604","0","1","N","AB3_v2.2","","intergenic","-1","SE8017_J5079","","","SNP"
"","","","","","","","","","6.27799034e-02","tolR/tolB","intergenic (+516/-593)","group A colicins tolerance protein/translocation protein TolB",">/>","","","tolB","","ACIAD2620/ACIAD2622","","","ACIAD2622","snp_intergenic","","69","1","T","","2626622","2626622","2626622","918","1","G","AB3_v2.2","","intergenic","-1","SE8017_J5079","","","SNP"
"","","","","","","","","","1.52903557e-01","tolR/tolB","intergenic (+520/-589)","group A colicins tolerance protein/translocation protein TolB",">/>","","","tolB","","ACIAD2620/ACIAD2622","","","ACIAD2622","snp_intergenic","","137","1","A","","2626626","2626626","2626626","764","1","G","AB3_v2.2","","intergenic","-1","SE8017_J5079","","","SNP"
"","","","","","","","","","1","tolR/tolB","intergenic (+534/-575)","group A colicins tolerance protein/translocation protein TolB",">/>","","","tolB","1","ACIAD2620/ACIAD2622","","","ACIAD2622","large_insertion","","57","1","AACGAAGCCGAGGCTAAAGCAAAAGCCGAGGCTGCTGCTAAAGCCAAACGCGAAGCAGATGCTAAAGCAAAAGCCGAGGCTACTGCTAAAGCCAAAAACGAAGCAGAGGCCAAAGCAAAAGCCGAGGCTGCTGCTAAAGCCAAA","","2626640","2626640","2626640","132","2","A","AB3_v2.2","","","-1","SE8017_J5079","","","INS"
"","","","","","","","","","9.39413879e-01","tolR/tolB","intergenic (+535/-574)","group A colicins tolerance protein/translocation protein TolB",">/>","","","tolB","1","ACIAD2620/ACIAD2622","","","ACIAD2622","large_insertion","","80","1","ACGAAGCAGAGGCTAAAGCAAAAGCCGAGGCTGCTGCAAAAGCCAAACGCGAAGCAGATGCTAAAGCAAAAGCCGATGCTGCTGCTAAAGCCAAAAACGAAGCCGAGGCTAAAGCAAAAGCCGAGGCTGCTGCTAAAGCCAAAC","","2626641","2626641","2626641","133","2","C","AB3_v2.2","","","-1","SE8017_J5079","","","INS"
"","","","","","","","","","8.23965411e-01","tolR/tolB","intergenic (+545/-564)","group A colicins tolerance protein/translocation protein TolB",">/>","","","tolB","1","ACIAD2620/ACIAD2622","","","ACIAD2622","large_insertion","","46","1","GGCCAAAGCTAAAGCCGAGGCTACTGCTAAAGCCAAAAACGAAGCAGAGACCAAAGCTAAAGCCGAGGCTACTGCTAAAGCCAAACACGAAGCAGAGGCTAAAGCAAAAGCCGAGGCTGCTGCTAAAGCCAAACGCGAAGCAGA","","2626651","2626651","2626651","120","2","A","AB3_v2.2","","","-1","SE8017_J5079","","","INS"
"","","","","","","","","","9.32750225e-01","tolR/tolB","intergenic (+568/-541)","group A colicins tolerance protein/translocation protein TolB",">/>","","","tolB","","ACIAD2620/ACIAD2622","","","ACIAD2622","snp_intergenic","","264","1","A","","2626674","2626674","2626674","0","1","N","AB3_v2.2","","intergenic","-1","SE8017_J5079","","","SNP"
"","","","","","","","","","1","tolR/tolB","intergenic (+580/-465)","group A colicins tolerance protein/translocation protein TolB",">/>","","","tolB","","ACIAD2620/ACIAD2622","","","ACIAD2622","small_indel","","248","1","AAAAACGAAGCAGAGGCCAAAGCAAAAGCCGATGCTGCT","","2626686","2626750","2626686","0","2","65-bp","AB3_v2.2","65","","-1","SE8017_J5079","","","SUB"
"I","271","M","","ATT","271","3","","ATG","8.80713463e-02","rpoD","813","sigma D (sigma 70) factor of RNA polymerase, major sigma factor during exponential growth",">","","rpoD","","","ACIAD2925","","ACIAD2925","","snp_nonsynonymous","","49","1","T","","2911865","2911865","2911865","302","1","G","AB3_v2.2","","nonsynonymous","-1","SE8017_J5079","11","","SNP"
"N","276","T","","AAC","276","2","","ACC","6.28223419e-02","rpoD","827","sigma D (sigma 70) factor of RNA polymerase, major sigma factor during exponential growth",">","","rpoD","","","ACIAD2925","","ACIAD2925","","snp_nonsynonymous","","41","1","A","","2911879","2911879","2911879","297","1","C","AB3_v2.2","","nonsynonymous","-1","SE8017_J5079","11","","SNP"
"","","","","","","","","","1","ACIADrRNA5S_3/ACIADtRNAAla_2","intergenic (-44/+3474)","5S/tRNA-Ala","</<","","","ACIADrRNA5S_3","","ACIADrRNA5S_3/ACIADtRNAAla_2","","","ACIADrRNA5S_3","small_indel","","540","2","GA","","2998629","2998630","2998629","0","2","NN","AB3_v2.2","2","","-1","SE8017_J5079","","","SUB"
"","","","","","","","","","1","ACIADrRNA5S_3/ACIADtRNAAla_2","intergenic (-64/+3455)","5S/tRNA-Ala","</<","","","ACIADrRNA5S_3","","ACIADrRNA5S_3/ACIADtRNAAla_2","","","ACIADrRNA5S_3","snp_intergenic","","278","1","T","","2998649","2998649","2998649","0","1","N","AB3_v2.2","","intergenic","-1","SE8017_J5079","","","SNP"
"","","","","","","","","","1","ACIADrRNA5S_3/ACIADtRNAAla_2","intergenic (-97/+3422)","5S/tRNA-Ala","</<","","","ACIADrRNA5S_3","","ACIADrRNA5S_3/ACIADtRNAAla_2","","","ACIADrRNA5S_3","snp_intergenic","","236","1","A","","2998682","2998682","2998682","3","1","C","AB3_v2.2","","intergenic","-1","SE8017_J5079","","","SNP"
"","","","","","","","","","1","ACIADrRNA5S_3/ACIADtRNAAla_2","intergenic (-113/+3406)","5S/tRNA-Ala","</<","","","ACIADrRNA5S_3","","ACIADrRNA5S_3/ACIADtRNAAla_2","","","ACIADrRNA5S_3","snp_intergenic","","197","1","T","","2998698","2998698","2998698","0","1","G","AB3_v2.2","","intergenic","-1","SE8017_J5079","","","SNP"
"","","","","","","","","","1","ACIADrRNA5S_3/ACIADtRNAAla_2","intergenic (-116/+3402)","5S/tRNA-Ala","</<","","","ACIADrRNA5S_3","","ACIADrRNA5S_3/ACIADtRNAAla_2","","","ACIADrRNA5S_3","small_indel","","392","2","TG","","2998701","2998702","2998701","1","2","AC","AB3_v2.2","2","","-1","SE8017_J5079","","","SUB"
"","","","","","","","","","1","ACIADrRNA5S_3/ACIADtRNAAla_2","intergenic (-119/+3399)","5S/tRNA-Ala","</<","","","ACIADrRNA5S_3","","ACIADrRNA5S_3/ACIADtRNAAla_2","","","ACIADrRNA5S_3","small_indel","","392","2","TC","","2998704","2998705","2998704","0","2","AG","AB3_v2.2","2","","-1","SE8017_J5079","","","SUB"
"","","","","","","","","","1","ACIADrRNA5S_3/ACIADtRNAAla_2","intergenic (-122/+3396)","5S/tRNA-Ala","</<","","","ACIADrRNA5S_3","","ACIADrRNA5S_3/ACIADtRNAAla_2","","","ACIADrRNA5S_3","small_indel","","394","2","AG","","2998707","2998708","2998707","0","2","TN","AB3_v2.2","2","","-1","SE8017_J5079","","","SUB"
"","","","","","","","","","1","ACIADrRNA5S_3/ACIADtRNAAla_2","intergenic (-125/+3394)","5S/tRNA-Ala","</<","","","ACIADrRNA5S_3","","ACIADrRNA5S_3/ACIADtRNAAla_2","","","ACIADrRNA5S_3","snp_intergenic","","197","1","C","","2998710","2998710","2998710","0","1","A","AB3_v2.2","","intergenic","-1","SE8017_J5079","","","SNP"
"","","","","","","","","","8.07757378e-02","ACIAD3462/actP","intergenic (+13/+27)","hypothetical protein/acetate permease",">/<","","","actP","","ACIAD3462/ACIAD3463","","","ACIAD3463","snp_intergenic","","30","1","C","","3444489","3444489","3444489","266","1","A","AB3_v2.2","","intergenic","-1","SE8017_J5079","","","SNP"
"","","","","","","","","","1.52543068e-01","ACIAD3520/ACIAD3521","intergenic (+27/-189)","hypothetical protein/hypothetical protein",">/>","","","ACIAD3521","","ACIAD3520/ACIAD3521","","","ACIAD3521","snp_intergenic","","39","1","T","","3506088","3506088","3506088","156","1","G","AB3_v2.2","","intergenic","-1","SE8017_J5079","","","SNP"
"","","","","","","","","","1.05071068e-01","ACIAD3520/ACIAD3521","intergenic (+33/-183)","hypothetical protein/hypothetical protein",">/>","","","ACIAD3521","","ACIAD3520/ACIAD3521","","","ACIAD3521","snp_intergenic","","31","1","T","","3506094","3506094","3506094","155","1","G","AB3_v2.2","","intergenic","-1","SE8017_J5079","","","SNP"
"","","","","","","","","","7.84764290e-02","ACIAD3520/ACIAD3521","intergenic (+35/-181)","hypothetical protein/hypothetical protein",">/>","","","ACIAD3521","","ACIAD3520/ACIAD3521","","","ACIAD3521","snp_intergenic","","25","1","A","","3506096","3506096","3506096","174","1","C","AB3_v2.2","","intergenic","-1","SE8017_J5079","","","SNP"
"","","","","","","","","","1.12575531e-01","ACIAD3520/ACIAD3521","intergenic (+36/-180)","hypothetical protein/hypothetical protein",">/>","","","ACIAD3521","","ACIAD3520/ACIAD3521","","","ACIAD3521","snp_intergenic","","28","1","A","","3506097","3506097","3506097","172","1","T","AB3_v2.2","","intergenic","-1","SE8017_J5079","","","SNP"
"F","127","L","","TTT","127","3","","TTG","8.31456184e-02","ACIAD3543","381","hypothetical protein",">","","ACIAD3543","","","ACIAD3543","","ACIAD3543","","snp_nonsynonymous","","35","1","T","","3525048","3525048","3525048","215","1","G","AB3_v2.2","","nonsynonymous","-1","SE8017_J5079","11","","SNP"
