"Name","Block","Gene","Nt_pos","Nt_OtoM","Nt_mut_name","Codon_OtoM","AA_pos","AA_OtoM","AA_mut_name","Frequency","Product","Locus_tag","Genome_pos","Reference","Coverage_mut","Coverage_original","Mutation_type","Mut_type_SNP"
"TRT01","INIT1","rstB","882","G -> A","rstB_G882A","ATG -> ATA",294,"M -> I","rstB_M294I",0.161324501,"sensory histidine kinase in two-component regulatory system with RstA","ACIAD0727",710908,"AB3_v2.2",36,187,"SNP","nonsynonymous"
"TRT02","INIT1","lnt","395","G -> T","lnt_G395T","ACT -> AAT",132,"T -> N","lnt_T132N",0.0653238297,"apolipoprotein N-acyltransferase, copper homeostasis protein","ACIAD0415",415698,"AB3_v2.2",29,217,"SNP","nonsynonymous"
"TRT03","INIT1","parC","1073","G -> T","parC_G1073T","CGT -> CTT",358,"R -> L","parC_R358L",0.068687439,"DNA topoisomerase IV subunit A","ACIAD0234",234409,"AB3_v2.2",37,231,"SNP","nonsynonymous"
"TRT03","INIT1","nusA","322","G -> T","nusA_G322T","GGT -> TGT",108,"G -> C","nusA_G108C",0.117231369,"transcription elongation factor NusA","ACIAD0368",358140,"AB3_v2.2",37,190,"SNP","nonsynonymous"
"TRT03","INIT1","nusA","370","C -> A","nusA_C370A","CGT -> AGT",124,"R -> S","nusA_R124S",0.132735252,"transcription elongation factor NusA","ACIAD0368",358188,"AB3_v2.2",44,193,"SNP","nonsynonymous"
"TRT03","INIT1","sbmA","coding (760/1194 nt)","T -> CATTGTTTGGT","sbmA_Tcoding (760/1194 nt)CATTGTTTGGT",NA,NA,NA,NA,0.415079206,"transport protein","ACIAD0809",800851,"AB3_v2.2",135,399,"INS",NA
"TRT03","INIT1","emrB","1483","G -> T","emrB_G1483T","GCT -> TCT",495,"A -> S","emrB_A495S",0.0684161186,"major facilitator superfamily multidrug resistance protein","ACIAD0927",909467,"AB3_v2.2",26,237,"SNP","nonsynonymous"
"TRT03","INIT1","kdsD","676","G -> T","kdsD_G676T","GAA -> TAA",226,"E -> *","kdsD_E226*",0.100234509,"D-arabinose 5-phosphate isomerase","ACIAD1482",1531840,"AB3_v2.2",39,202,"SNP","nonsense"
"TRT03","INIT1","cyoA","317","G -> A","cyoA_G317A","TGG -> TAG",106,"W -> *","cyoA_W106*",0.448372364,"cytochrome o ubiquinol oxidase subunit II","ACIAD2425",2444341,"AB3_v2.2",160,196,"SNP","nonsense"
"TRT03","INIT1","nadB","169","G -> T","nadB_G169T","GTT -> TTT",57,"V -> F","nadB_V57F",0.0639252663,"L-aspartate oxidase","ACIAD2587",2597435,"AB3_v2.2",32,226,"SNP","nonsynonymous"
"TRT04","INIT1","nusA","370","C -> A","nusA_C370A","CGT -> AGT",124,"R -> S","nusA_R124S",0.0662579536,"transcription elongation factor NusA","ACIAD0368",358188,"AB3_v2.2",22,174,"SNP","nonsynonymous"
"TRT04","INIT1","salR","304","G -> T","salR_G304T","GGT -> TGT",102,"G -> C","salR_G102C",0.0610194206,"LysR family transcriptional regulator","ACIAD1425",1472071,"AB3_v2.2",27,219,"SNP","nonsynonymous"
"TRT04","INIT1","benR","674","C -> T","benR_C674T","CGT -> CAT",225,"R -> H","benR_R225H",0.208459377,"benzoate degradation transcriptional regulator","ACIAD1435",1483774,"AB3_v2.2",65,248,"SNP","nonsynonymous"
"TRT05","INIT1","soxB","321","G -> T","soxB_G321T","AAC -> AAA",107,"N -> K","soxB_N107K",0.0508985519,"sarcosine oxidase beta subunit","ACIAD2552",2564902,"AB3_v2.2",7,116,"SNP","nonsynonymous"
"CON01","INIT1","secY","1323","C -> A","secY_C1323A","TCG -> TCT",441,"S -> S","secY_S441S",0.074400425,"preprotein translocase subunit SecY","ACIAD3199",3181147,"AB3_v2.2",16,112,"SNP","synonymous"
"TRT06","INIT1","parC","1046","G -> T","parC_G1046T","CGA -> CTA",349,"R -> L","parC_R349L",0.113054276,"DNA topoisomerase IV subunit A","ACIAD0234",234382,"AB3_v2.2",32,154,"SNP","nonsynonymous"
"TRT06","INIT1","nusA","343","G -> T","nusA_G343T","GCC -> TCC",115,"A -> S","nusA_A115S",0.0998549461,"transcription elongation factor NusA","ACIAD0368",358161,"AB3_v2.2",24,146,"SNP","nonsynonymous"
"TRT06","INIT1","nusA","370","C -> A","nusA_C370A","CGT -> AGT",124,"R -> S","nusA_R124S",0.0822863579,"transcription elongation factor NusA","ACIAD0368",358188,"AB3_v2.2",25,176,"SNP","nonsynonymous"
"TRT06","INIT1","salR","278","C -> A","salR_C278A","ACC -> AAC",93,"T -> N","salR_T93N",0.0887684822,"LysR family transcriptional regulator","ACIAD1425",1472045,"AB3_v2.2",29,163,"SNP","nonsynonymous"
"TRT08","INIT1","salR","278","C -> A","salR_C278A","ACC -> AAC",93,"T -> N","salR_T93N",0.105079651,"LysR family transcriptional regulator","ACIAD1425",1472045,"AB3_v2.2",32,159,"SNP","nonsynonymous"
"TRT08","INIT1","comC","3795","C -> A","comC_C3795A","TTG -> TTT",1265,"L -> F","comC_L1265F",0.0667738914,"competence factor involved in DNA binding and uptake","ACIAD3316",3277418,"AB3_v2.2",26,222,"SNP","nonsynonymous"
"TRT09","INIT1","salR","259","C -> A","salR_C259A","CCA -> ACA",87,"P -> T","salR_P87T",0.159010887,"LysR family transcriptional regulator","ACIAD1425",1472026,"AB3_v2.2",34,121,"SNP","nonsynonymous"
"TRT10","INIT1","rstA","301","G -> A","rstA_G301A","GCA -> ACA",101,"A -> T","rstA_A101T",0.33677578,"two-component regulatory system response regulator","ACIAD0726",709564,"AB3_v2.2",161,317,"SNP","nonsynonymous"
"TRT10","INIT1","nuoA","102","T -> G","nuoA_T102G","GGT -> GGG",34,"G -> G","nuoA_G34G",0.585805893,"NADH dehydrogenase I chain A","ACIAD0730",712814,"AB3_v2.2",202,143,"SNP","synonymous"
"TRT10","INIT1","rpsL","256","C -> T","rpsL_C256T","CGT -> TGT",86,"R -> C","rpsL_R86C",0.581037998,"30S ribosomal protein S12","ACIAD0881",863583,"AB3_v2.2",208,150,"SNP","nonsynonymous"
"CON02","INIT1","parC","1073","G -> T","parC_G1073T","CGT -> CTT",358,"R -> L","parC_R358L",0.106592655,"DNA topoisomerase IV subunit A","ACIAD0234",234409,"AB3_v2.2",34,173,"SNP","nonsynonymous"
"CON02","INIT1","nusA","331","G -> T","nusA_G331T","GCA -> TCA",111,"A -> S","nusA_A111S",0.204729557,"transcription elongation factor NusA","ACIAD0368",358149,"AB3_v2.2",51,156,"SNP","nonsynonymous"
"CON02","INIT1","kdsD","682","T -> A","kdsD_T682A","TCA -> ACA",228,"S -> T","kdsD_S228T",0.066163063,"D-arabinose 5-phosphate isomerase","ACIAD1482",1531846,"AB3_v2.2",20,236,"SNP","nonsynonymous"
"CON02","INIT1","secY","1323","C -> A","secY_C1323A","TCG -> TCT",441,"S -> S","secY_S441S",0.0794692039,"preprotein translocase subunit SecY","ACIAD3199",3181147,"AB3_v2.2",28,170,"SNP","synonymous"
"TRT11","INIT1","nusA","370","C -> A","nusA_C370A","CGT -> AGT",124,"R -> S","nusA_R124S",0.0899982452,"transcription elongation factor NusA","ACIAD0368",358188,"AB3_v2.2",32,198,"SNP","nonsynonymous"
"TRT11","INIT1","lnt","400","C -> A","lnt_C400A","GCG -> TCG",134,"A -> S","lnt_A134S",0.0614805222,"apolipoprotein N-acyltransferase, copper homeostasis protein","ACIAD0415",415693,"AB3_v2.2",33,270,"SNP","nonsynonymous"
"TRT11","INIT1","nadA","312","C -> A","nadA_C312A","GCC -> GCA",104,"A -> A","nadA_A104A",0.0827627182,"quinolinate synthetase","ACIAD0651",640298,"AB3_v2.2",41,268,"SNP","synonymous"
"TRT11","INIT1","rpoD","846","C -> A","rpoD_C846A","ATC -> ATA",282,"I -> I","rpoD_I282I",0.0509958267,"sigma D (sigma 70) factor of RNA polymerase, major sigma factor during exponential growth","ACIAD2925",2911898,"AB3_v2.2",30,267,"SNP","synonymous"
"TRT12","INIT1","nusA","405","C -> A","nusA_C405A","TAC -> TAA",135,"Y -> *","nusA_Y135*",0.050699234,"transcription elongation factor NusA","ACIAD0368",358223,"AB3_v2.2",27,274,"SNP","nonsense"
"TRT12","INIT1","nadA","312","C -> A","nadA_C312A","GCC -> GCA",104,"A -> A","nadA_A104A",0.0556950569,"quinolinate synthetase","ACIAD0651",640298,"AB3_v2.2",35,305,"SNP","synonymous"
"TRT12","INIT1","lpxD","934","G -> T","lpxD_G934T","GAA -> TAA",312,"E -> *","lpxD_E312*",0.0659346581,"UDP-3-O-[3-hydroxymyristoyl] glucosamine N-acyltransferase","ACIAD1380",1427960,"AB3_v2.2",34,265,"SNP","nonsense"
"TRT12","INIT1","salR","226","G -> T","salR_G226T","GAA -> TAA",76,"E -> *","salR_E76*",0.109535694,"LysR family transcriptional regulator","ACIAD1425",1471993,"AB3_v2.2",44,225,"SNP","nonsense"
"TRT13","INIT1","rstB","754","C -> T","rstB_C754T","CTT -> TTT",252,"L -> F","rstB_L252F",0.591331959,"sensory histidine kinase in two-component regulatory system with RstA","ACIAD0727",710780,"AB3_v2.2",131,91,"SNP","nonsynonymous"
"TRT13","INIT1","gltA","coding (780/1275 nt)","T -> GCAGCAGGTATT","gltA_Tcoding (780/1275 nt)GCAGCAGGTATT",NA,NA,NA,NA,0.373271889,"citrate synthase","ACIAD2886",2882626,"AB3_v2.2",81,272,"INS",NA
"TRT14","INIT1","nuoA","102","T -> G","nuoA_T102G","GGT -> GGG",34,"G -> G","nuoA_G34G",0.490387917,"NADH dehydrogenase I chain A","ACIAD0730",712814,"AB3_v2.2",224,233,"SNP","synonymous"
"TRT14","INIT1","rpsL","256","C -> T","rpsL_C256T","CGT -> TGT",86,"R -> C","rpsL_R86C",0.516218662,"30S ribosomal protein S12","ACIAD0881",863583,"AB3_v2.2",207,194,"SNP","nonsynonymous"
"TRT14","INIT1","kdsD","682","T -> A","kdsD_T682A","TCA -> ACA",228,"S -> T","kdsD_S228T",0.0662045479,"D-arabinose 5-phosphate isomerase","ACIAD1482",1531846,"AB3_v2.2",16,185,"SNP","nonsynonymous"
"TRT14","INIT1","soxA","1978","T -> G","soxA_T1978G","AGC -> CGC",660,"S -> R","soxA_S660R",0.115915298,"sarcosine oxidase (alpha subunit) oxidoreductaseprotein","ACIAD2550",2561671,"AB3_v2.2",42,266,"SNP","nonsynonymous"
"TRT14","INIT1","rpoD","813","G -> T","rpoD_G813T","ATG -> ATT",271,"M -> I","rpoD_M271I",0.0630726814,"sigma D (sigma 70) factor of RNA polymerase, major sigma factor during exponential growth","ACIAD2925",2911865,"AB3_v2.2",34,297,"SNP","nonsynonymous"
"TRT15","INIT1","rstB","994","C -> T","rstB_C994T","CGT -> TGT",332,"R -> C","rstB_R332C",0.665070534,"sensory histidine kinase in two-component regulatory system with RstA","ACIAD0727",711020,"AB3_v2.2",133,67,"SNP","nonsynonymous"
"CON03","INIT1","rnpA","165","C -> A","rnpA_C165A","AAG -> AAT",55,"K -> N","rnpA_K55N",0.0650081635,"RNase P C5 component","ACIAD3683",3654355,"AB3_v2.2",33,234,"SNP","nonsynonymous"
"TRT16","INIT1","rmlB","37","A -> G","rmlB_A37G","ATT -> GTT",13,"I -> V","rmlB_I13V",0.19532156,"dTDP-D-glucose-4,6-dehydratase","ACIAD0076",72606,"AB3_v2.2",42,173,"SNP","nonsynonymous"
"TRT16","INIT1","nusA","331","G -> T","nusA_G331T","GCA -> TCA",111,"A -> S","nusA_A111S",0.121143341,"transcription elongation factor NusA","ACIAD0368",358149,"AB3_v2.2",32,148,"SNP","nonsynonymous"
"TRT16","INIT1","salR","259","C -> A","salR_C259A","CCA -> ACA",87,"P -> T","salR_P87T",0.162713528,"LysR family transcriptional regulator","ACIAD1425",1472026,"AB3_v2.2",44,159,"SNP","nonsynonymous"
"TRT18","INIT1","rstB","957","G -> A","rstB_G957A","ATG -> ATA",319,"M -> I","rstB_M319I",0.711524487,"sensory histidine kinase in two-component regulatory system with RstA","ACIAD0727",710983,"AB3_v2.2",163,66,"SNP","nonsynonymous"
"TRT19","INIT1","lnt","400","C -> A","lnt_C400A","GCG -> TCG",134,"A -> S","lnt_A134S",0.0575428009,"apolipoprotein N-acyltransferase, copper homeostasis protein","ACIAD0415",415693,"AB3_v2.2",18,171,"SNP","nonsynonymous"
"TRT19","INIT1","lnt","395","G -> T","lnt_G395T","ACT -> AAT",132,"T -> N","lnt_T132N",0.0954904556,"apolipoprotein N-acyltransferase, copper homeostasis protein","ACIAD0415",415698,"AB3_v2.2",29,165,"SNP","nonsynonymous"
"TRT19","INIT1","lpxD","989","C -> A","lpxD_C989A","CCA -> CAA",330,"P -> Q","lpxD_P330Q",0.0681614876,"UDP-3-O-[3-hydroxymyristoyl] glucosamine N-acyltransferase","ACIAD1380",1428015,"AB3_v2.2",16,126,"SNP","nonsynonymous"
"TRT20","INIT1","gltA","coding (780/1275 nt)","T -> GCAGCAGGTATT","gltA_Tcoding (780/1275 nt)GCAGCAGGTATT",NA,NA,NA,NA,0.489795918,"citrate synthase","ACIAD2886",2882626,"AB3_v2.2",108,225,"INS",NA
"CON04","INIT1","nusA","322","G -> T","nusA_G322T","GGT -> TGT",108,"G -> C","nusA_G108C",0.11123848,"transcription elongation factor NusA","ACIAD0368",358140,"AB3_v2.2",30,163,"SNP","nonsynonymous"
"CON04","INIT1","nusA","331","G -> T","nusA_G331T","GCA -> TCA",111,"A -> S","nusA_A111S",0.137531281,"transcription elongation factor NusA","ACIAD0368",358149,"AB3_v2.2",36,161,"SNP","nonsynonymous"
"CON04","INIT1","benR","467","C -> T","benR_C467T","CGT -> CAT",156,"R -> H","benR_R156H",0.0641050339,"benzoate degradation transcriptional regulator","ACIAD1435",1483981,"AB3_v2.2",17,248,"SNP","nonsynonymous"
"CON04","INIT1","nadB","175","G -> T","nadB_G175T","GAT -> TAT",59,"D -> Y","nadB_D59Y",0.130042553,"L-aspartate oxidase","ACIAD2587",2597441,"AB3_v2.2",51,189,"SNP","nonsynonymous"
"CON04","INIT1","comC","3834","G -> T","comC_G3834T","ATC -> ATA",1278,"I -> I","comC_I1278I",0.0744686127,"competence factor involved in DNA binding and uptake","ACIAD3316",3277379,"AB3_v2.2",24,187,"SNP","synonymous"
"CON04","INIT1","xenB","121","C -> A","xenB_C121A","GAA -> TAA",41,"E -> *","xenB_E41*",0.0506095886,"xenobiotic reductase","ACIAD3496",3477632,"AB3_v2.2",24,222,"SNP","nonsense"
"TRT21","INIT2","lnt","379","G -> T","lnt_G379T","CCC -> ACC",127,"P -> T","lnt_P127T",0.0754008293,"apolipoprotein N-acyltransferase, copper homeostasis protein","ACIAD0415",415714,"AB3_v2.2",35,212,"SNP","nonsynonymous"
"TRT22","INIT2","nusA","322","G -> T","nusA_G322T","GGT -> TGT",108,"G -> C","nusA_G108C",0.130504608,"transcription elongation factor NusA","ACIAD0368",358140,"AB3_v2.2",30,131,"SNP","nonsynonymous"
"TRT22","INIT2","rstA","68","C -> A","rstA_C68A","ACA -> AAA",23,"T -> K","rstA_T23K",0.127005577,"two-component regulatory system response regulator","ACIAD0726",709331,"AB3_v2.2",28,185,"SNP","nonsynonymous"
"TRT22","INIT2","sucB","251","G -> T","sucB_G251T","GCA -> GAA",84,"A -> E","sucB_A84E",0.105264664,"dihydrolipoamide succinyltransferase, component of 2-oxoglutarate dehydrogenase complex (E2)","ACIAD2875",2873756,"AB3_v2.2",22,123,"SNP","nonsynonymous"
"TRT23","INIT2","salR","304","G -> T","salR_G304T","GGT -> TGT",102,"G -> C","salR_G102C",0.0789499283,"LysR family transcriptional regulator","ACIAD1425",1472071,"AB3_v2.2",20,151,"SNP","nonsynonymous"
"TRT23","INIT2","gidB","239","C -> T","gidB_C239T","GGT -> GAT",80,"G -> D","gidB_G80D",0.571400642,"16S rRNA methyltransferase GidB","ACIAD2368",2379302,"AB3_v2.2",128,96,"SNP","nonsynonymous"
"TRT23","INIT2","soxA","1978","T -> G","soxA_T1978G","AGC -> CGC",660,"S -> R","soxA_S660R",0.119513035,"sarcosine oxidase (alpha subunit) oxidoreductaseprotein","ACIAD2550",2561671,"AB3_v2.2",26,153,"SNP","nonsynonymous"
"TRT24","INIT2","soxA","1991","A -> T","soxA_A1991T","ATC -> AAC",664,"I -> N","soxA_I664N",0.0849852562,"sarcosine oxidase (alpha subunit) oxidoreductaseprotein","ACIAD2550",2561658,"AB3_v2.2",18,160,"SNP","nonsynonymous"
"TRT25","INIT2","pilU","13","C -> A","pilU_C13A","GAT -> TAT",5,"D -> Y","pilU_D5Y",0.0667710304,"twitching motility protein","ACIAD0911",891793,"AB3_v2.2",23,190,"SNP","nonsynonymous"
"TRT25","INIT2","soxA","1991","A -> T","soxA_A1991T","ATC -> AAC",664,"I -> N","soxA_I664N",0.101655006,"sarcosine oxidase (alpha subunit) oxidoreductaseprotein","ACIAD2550",2561658,"AB3_v2.2",21,163,"SNP","nonsynonymous"
"TRT25","INIT2","secY","1323","C -> A","secY_C1323A","TCG -> TCT",441,"S -> S","secY_S441S",0.0824427605,"preprotein translocase subunit SecY","ACIAD3199",3181147,"AB3_v2.2",22,143,"SNP","synonymous"
"CON05","INIT2","pta","1518","C -> A","pta_C1518A","TTG -> TTT",506,"L -> F","pta_L506F",0.0500302315,"phosphate acetyltransferase","ACIAD0540",526607,"AB3_v2.2",25,248,"SNP","nonsynonymous"
"CON05","INIT2","rstA","296","T -> A","rstA_T296A","ATG -> AAG",99,"M -> K","rstA_M99K",0.0904660225,"two-component regulatory system response regulator","ACIAD0726",709559,"AB3_v2.2",34,332,"SNP","nonsynonymous"
"CON05","INIT2","salR","226","G -> T","salR_G226T","GAA -> TAA",76,"E -> *","salR_E76*",0.11264658,"LysR family transcriptional regulator","ACIAD1425",1471993,"AB3_v2.2",34,164,"SNP","nonsense"
"TRT26","INIT2","nusA","405","C -> A","nusA_C405A","TAC -> TAA",135,"Y -> *","nusA_Y135*",0.0588574409,"transcription elongation factor NusA","ACIAD0368",358223,"AB3_v2.2",23,212,"SNP","nonsense"
"TRT26","INIT2","acr1","362","A -> T","acr1_A362T","GAT -> GTT",121,"D -> V","acr1_D121V",0.0564861298,"fatty acyl-CoA reductase","ACIAD3383",3352331,"AB3_v2.2",20,250,"SNP","nonsynonymous"
"TRT27","INIT2","rstB","1310","G -> A","rstB_G1310A","GGT -> GAT",437,"G -> D","rstB_G437D",0.20625782,"sensory histidine kinase in two-component regulatory system with RstA","ACIAD0727",711336,"AB3_v2.2",46,177,"SNP","nonsynonymous"
"TRT27","INIT2","rpsL","256","C -> T","rpsL_C256T","CGT -> TGT",86,"R -> C","rpsL_R86C",0.558229446,"30S ribosomal protein S12","ACIAD0881",863583,"AB3_v2.2",139,110,"SNP","nonsynonymous"
"TRT27","INIT2","salR","226","G -> T","salR_G226T","GAA -> TAA",76,"E -> *","salR_E76*",0.118900776,"LysR family transcriptional regulator","ACIAD1425",1471993,"AB3_v2.2",32,150,"SNP","nonsense"
"TRT27","INIT2","gidB","220","C -> T","gidB_C220T","GAT -> AAT",74,"D -> N","gidB_D74N",0.556917667,"16S rRNA methyltransferase GidB","ACIAD2368",2379321,"AB3_v2.2",144,114,"SNP","nonsynonymous"
"TRT27","INIT2","rpoD","841","G -> T","rpoD_G841T","GAT -> TAT",281,"D -> Y","rpoD_D281Y",0.0558223724,"sigma D (sigma 70) factor of RNA polymerase, major sigma factor during exponential growth","ACIAD2925",2911893,"AB3_v2.2",26,218,"SNP","nonsynonymous"
"TRT28","INIT2","trpA","609","A -> C","trpA_A609C","AAA -> AAC",203,"K -> N","trpA_K203N",0.0864830017,"tryptophan synthase subunit alpha","ACIAD0642",629767,"AB3_v2.2",34,278,"SNP","nonsynonymous"
"TRT29","INIT2","rstB","914","C -> T","rstB_C914T","TCG -> TTG",305,"S -> L","rstB_S305L",0.515760422,"sensory histidine kinase in two-component regulatory system with RstA","ACIAD0727",710940,"AB3_v2.2",129,121,"SNP","nonsynonymous"
"TRT29","INIT2","kdsD","683","C -> A","kdsD_C683A","TCA -> TAA",228,"S -> *","kdsD_S228*",0.104906559,"D-arabinose 5-phosphate isomerase","ACIAD1482",1531847,"AB3_v2.2",35,189,"SNP","nonsense"
"TRT29","INIT2","sucB","270","A -> T","sucB_A270T","GTT -> GTA",90,"V -> V","sucB_V90V",0.0768761635,"dihydrolipoamide succinyltransferase, component of 2-oxoglutarate dehydrogenase complex (E2)","ACIAD2875",2873737,"AB3_v2.2",18,174,"SNP","synonymous"
"TRT29","INIT2","xenB","121","C -> A","xenB_C121A","GAA -> TAA",41,"E -> *","xenB_E41*",0.0716543198,"xenobiotic reductase","ACIAD3496",3477632,"AB3_v2.2",30,200,"SNP","nonsense"
"CON06","INIT2","phaG","202","C -> A","phaG_C202A","GCA -> TCA",68,"A -> S","phaG_A68S",0.0703673363,"monovalent cation/H+ antiporter subunit G","ACIAD0371",362675,"AB3_v2.2",24,183,"SNP","nonsynonymous"
"CON06","INIT2","benR","199","A -> C","benR_A199C","TAC -> GAC",67,"Y -> D","benR_Y67D",0.080221653,"benzoate degradation transcriptional regulator","ACIAD1435",1484249,"AB3_v2.2",17,191,"SNP","nonsynonymous"
"TRT31","INIT2","parC","1046","G -> T","parC_G1046T","CGA -> CTA",349,"R -> L","parC_R349L",0.0784716606,"DNA topoisomerase IV subunit A","ACIAD0234",234382,"AB3_v2.2",26,168,"SNP","nonsynonymous"
"TRT32","INIT2","rplL","coding (131-133/366 nt)",NA,NA,NA,NA,NA,NA,0.0508085351,"50S ribosomal protein L7/L12","ACIAD0306",301597,"AB3_v2.2",9,356,"DEL",NA
"TRT32","INIT2","nuoF","622","C -> T","nuoF_C622T","CCA -> TCA",208,"P -> S","nuoF_P208S",0.111066818,"NADH dehydrogenase I chain F","ACIAD0735",716957,"AB3_v2.2",23,184,"SNP","nonsynonymous"
"TRT32","INIT2","nuoF","1101","G -> T","nuoF_G1101T","TTG -> TTT",367,"L -> F","nuoF_L367F",0.346598625,"NADH dehydrogenase I chain F","ACIAD0735",717436,"AB3_v2.2",72,136,"SNP","nonsynonymous"
"TRT32","INIT2","iscS","715","C -> A","iscS_C715A","GGT -> TGT",239,"G -> C","iscS_G239C",0.138938427,"tRNA 4-thiouridine sulfurtransferase","ACIAD1404",1449046,"AB3_v2.2",31,192,"SNP","nonsynonymous"
"TRT32","INIT2","salR","304","G -> T","salR_G304T","GGT -> TGT",102,"G -> C","salR_G102C",0.0669136047,"LysR family transcriptional regulator","ACIAD1425",1472071,"AB3_v2.2",20,188,"SNP","nonsynonymous"
"TRT32","INIT2","gidB","coding (479/639 nt)","T -> T","gidB_Tcoding (479/639 nt)T",NA,NA,NA,NA,0.428572655,"16S rRNA methyltransferase GidB","ACIAD2368",2379062,"AB3_v2.2",87,116,"INS",NA
"TRT33","INIT2","gacA","155","A -> C","gacA_A155C","TTA -> TGA",52,"L -> *","gacA_L52*",0.455585957,"response regulator","ACIAD0260",261033,"AB3_v2.2",105,127,"SNP","nonsense"
"TRT33","INIT2","gidB","coding (77/639 nt)",NA,NA,NA,NA,NA,NA,0.580187321,"16S rRNA methyltransferase GidB","ACIAD2368",2379464,"AB3_v2.2",123,89,"DEL",NA
"TRT33","INIT2","gidB","coding (76/639 nt)",NA,NA,NA,NA,NA,NA,0.580187321,"16S rRNA methyltransferase GidB","ACIAD2368",2379465,"AB3_v2.2",123,89,"DEL",NA
"TRT34","INIT2","nuoH","832","T -> G","nuoH_T832G","TGG -> GGG",278,"W -> G","nuoH_W278G",0.506437778,"NADH dehydrogenase subunit H","ACIAD0737",721213,"AB3_v2.2",115,113,"SNP","nonsynonymous"
"TRT34","INIT2","rpsL","256","C -> A","rpsL_C256A","CGT -> AGT",86,"R -> S","rpsL_R86S",0.541539669,"30S ribosomal protein S12","ACIAD0881",863583,"AB3_v2.2",100,84,"SNP","nonsynonymous"
"TRT34","INIT2","mdcG","451","G -> T","mdcG_G451T","GAT -> TAT",151,"D -> Y","mdcG_D151Y",0.0938315392,"phosphoribosyl-dephospho-CoA transferase","ACIAD1758",1815096,"AB3_v2.2",31,172,"SNP","nonsynonymous"
"TRT34","INIT2","gidB","coding (236-258/639 nt)",NA,NA,NA,NA,NA,NA,0.499808258,"16S rRNA methyltransferase GidB","ACIAD2368",2379283,"AB3_v2.2",115,233,"DEL",NA
"TRT34","INIT2","nadB","175","G -> T","nadB_G175T","GAT -> TAT",59,"D -> Y","nadB_D59Y",0.147053242,"L-aspartate oxidase","ACIAD2587",2597441,"AB3_v2.2",49,189,"SNP","nonsynonymous"
"TRT34","INIT2","rpoD","813","G -> T","rpoD_G813T","ATG -> ATT",271,"M -> I","rpoD_M271I",0.0696172714,"sigma D (sigma 70) factor of RNA polymerase, major sigma factor during exponential growth","ACIAD2925",2911865,"AB3_v2.2",32,220,"SNP","nonsynonymous"
"TRT34","INIT2","comC","3838","C -> A","comC_C3838A","GAC -> TAC",1280,"D -> Y","comC_D1280Y",0.0529747009,"competence factor involved in DNA binding and uptake","ACIAD3316",3277375,"AB3_v2.2",22,201,"SNP","nonsynonymous"
"TRT35","INIT2","kdsD","676","G -> T","kdsD_G676T","GAA -> TAA",226,"E -> *","kdsD_E226*",0.141208649,"D-arabinose 5-phosphate isomerase","ACIAD1482",1531840,"AB3_v2.2",34,135,"SNP","nonsense"
"TRT35","INIT2","gidB","coding (297/639 nt)",NA,NA,NA,NA,NA,NA,0.219176769,"16S rRNA methyltransferase GidB","ACIAD2368",2379244,"AB3_v2.2",48,170,"DEL",NA
"CON07","INIT2","hcaA","661","C -> A","hcaA_C661A","GGC -> TGC",221,"G -> C","hcaA_G221C",0.0503368378,"p-hydroxycinnamoyl CoA hydratase/lyase","ACIAD1726",1786101,"AB3_v2.2",34,325,"SNP","nonsynonymous"
"CON07","INIT2","rpoD","813","G -> T","rpoD_G813T","ATG -> ATT",271,"M -> I","rpoD_M271I",0.05686903,"sigma D (sigma 70) factor of RNA polymerase, major sigma factor during exponential growth","ACIAD2925",2911865,"AB3_v2.2",39,351,"SNP","nonsynonymous"
"CON07","INIT2","secY","1306","G -> T","secY_G1306T","CAA -> AAA",436,"Q -> K","secY_Q436K",0.0539722443,"preprotein translocase subunit SecY","ACIAD3199",3181164,"AB3_v2.2",33,309,"SNP","nonsynonymous"
"TRT36","INIT2","phaG","202","C -> A","phaG_C202A","GCA -> TCA",68,"A -> S","phaG_A68S",0.0704874992,"monovalent cation/H+ antiporter subunit G","ACIAD0371",362675,"AB3_v2.2",30,225,"SNP","nonsynonymous"
"TRT36","INIT2","gidB","coding (71/639 nt)","A -> TTGATATTTTAATAACAATCCAA","gidB_Acoding (71/639 nt)TTGATATTTTAATAACAATCCAA",NA,NA,NA,NA,0.442553191,"16S rRNA methyltransferase GidB","ACIAD2368",2379470,"AB3_v2.2",104,262,"INS",NA
"TRT36","INIT2","cyoA","512","C -> A","cyoA_C512A","TCT -> TAT",171,"S -> Y","cyoA_S171Y",0.477541924,"cytochrome o ubiquinol oxidase subunit II","ACIAD2425",2444536,"AB3_v2.2",99,108,"SNP","nonsynonymous"
"TRT36","INIT2","secY","1317","A -> T","secY_A1317T","AAT -> AAA",439,"N -> K","secY_N439K",0.0832920074,"preprotein translocase subunit SecY","ACIAD3199",3181153,"AB3_v2.2",16,148,"SNP","nonsynonymous"
"TRT38","INIT2","soxA","1960","C -> A","soxA_C1960A","GAA -> TAA",654,"E -> *","soxA_E654*",0.0934319496,"sarcosine oxidase (alpha subunit) oxidoreductaseprotein","ACIAD2550",2561689,"AB3_v2.2",24,123,"SNP","nonsense"
"TRT38","INIT2","secY","1323","C -> A","secY_C1323A","TCG -> TCT",441,"S -> S","secY_S441S",0.136826038,"preprotein translocase subunit SecY","ACIAD3199",3181147,"AB3_v2.2",28,120,"SNP","synonymous"
"TRT39","INIT2","nuoH","832","T -> G","nuoH_T832G","TGG -> GGG",278,"W -> G","nuoH_W278G",0.476551056,"NADH dehydrogenase subunit H","ACIAD0737",721213,"AB3_v2.2",111,122,"SNP","nonsynonymous"
"TRT39","INIT2","rpsL","256","C -> A","rpsL_C256A","CGT -> AGT",86,"R -> S","rpsL_R86S",0.39224577,"30S ribosomal protein S12","ACIAD0881",863583,"AB3_v2.2",78,119,"SNP","nonsynonymous"
"TRT39","INIT2","gidB","coding (236-258/639 nt)",NA,NA,NA,NA,NA,NA,0.551104525,"16S rRNA methyltransferase GidB","ACIAD2368",2379283,"AB3_v2.2",100,165,"DEL",NA
"TRT39","INIT2","nadB","153","A -> C","nadB_A153C","CAA -> CAC",51,"Q -> H","nadB_Q51H",0.145101547,"L-aspartate oxidase","ACIAD2587",2597419,"AB3_v2.2",34,160,"SNP","nonsynonymous"
"TRT40","INIT2","rplL","coding (131-133/366 nt)",NA,NA,NA,NA,NA,NA,0.0530973451,"50S ribosomal protein L7/L12","ACIAD0306",301597,"AB3_v2.2",6,226,"DEL",NA
"TRT40","INIT2","rbfA","75","G -> A","rbfA_G75A","GAG -> GAA",25,"E -> E","rbfA_E25E",0.0507888794,"ribosome-binding factor A","ACIAD0370",362087,"AB3_v2.2",6,112,"SNP","synonymous"
"TRT40","INIT2","hupB","142","G -> T","hupB_G142T","GGT -> TGT",48,"G -> C","hupB_G48C",0.468708038,"DNA-binding protein HU-beta","ACIAD1408",1451956,"AB3_v2.2",60,68,"SNP","nonsynonymous"
"TRT40","INIT2","gidB","245","G -> A","gidB_G245A","CCA -> CTA",82,"P -> L","gidB_P82L",0.475304127,"16S rRNA methyltransferase GidB","ACIAD2368",2379296,"AB3_v2.2",77,85,"SNP","nonsynonymous"
"CON08","INIT2","nusA","370","C -> A","nusA_C370A","CGT -> AGT",124,"R -> S","nusA_R124S",0.173658371,"transcription elongation factor NusA","ACIAD0368",358188,"AB3_v2.2",28,106,"SNP","nonsynonymous"
"CON08","INIT2","clpA","1942","C -> T","clpA_C1942T","CAA -> TAA",648,"Q -> *","clpA_Q648*",0.0536375046,"ATP-binding protease component","ACIAD1363",1410561,"AB3_v2.2",8,141,"SNP","nonsense"
"INIT1","INIT1","soxA","1991","A -> T","soxA_A1991T","ATC -> AAC",664,"I -> N","soxA_I664N",0.127334595,"sarcosine oxidase (alpha subunit) oxidoreductaseprotein","ACIAD2550",2561658,"AB3_v2.2",18,111,"SNP","nonsynonymous"
"INIT2","INIT2","nusA","331","G -> T","nusA_G331T","GCA -> TCA",111,"A -> S","nusA_A111S",0.186183929,"transcription elongation factor NusA","ACIAD0368",358149,"AB3_v2.2",42,141,"SNP","nonsynonymous"
"INIT2","INIT2","nusA","343","G -> T","nusA_G343T","GCC -> TCC",115,"A -> S","nusA_A115S",0.151396275,"transcription elongation factor NusA","ACIAD0368",358161,"AB3_v2.2",33,151,"SNP","nonsynonymous"
"INIT2","INIT2","nusA","394","G -> T","nusA_G394T","GCC -> TCC",132,"A -> S","nusA_A132S",0.0565800667,"transcription elongation factor NusA","ACIAD0368",358212,"AB3_v2.2",20,197,"SNP","nonsynonymous"
"INIT2","INIT2","rpoD","827","C -> A","rpoD_C827A","ACC -> AAC",276,"T -> N","rpoD_T276N",0.0876045227,"sigma D (sigma 70) factor of RNA polymerase, major sigma factor during exponential growth","ACIAD2925",2911879,"AB3_v2.2",28,183,"SNP","nonsynonymous"
